"STATION","DATE","LATITUDE","LONGITUDE","ELEVATION","NAME","TEMP","TEMP_ATTRIBUTES","DEWP","DEWP_ATTRIBUTES","SLP","SLP_ATTRIBUTES","STP","STP_ATTRIBUTES","VISIB","VISIB_ATTRIBUTES","WDSP","WDSP_ATTRIBUTES","MXSPD","GUST","MAX","MAX_ATTRIBUTES","MIN","MIN_ATTRIBUTES","PRCP","PRCP_ATTRIBUTES","SNDP","FRSHTT"
"08084099999","2000-01-01","42.45","-2.3333333","363.0","LOGRONO AGONCILLO, SP","  39.5","24","  33.2","24","1029.9"," 8","985.4"," 8","  8.5","24","  4.4","24","  9.9","999.9","  51.4"," ","  32.0","*"," 0.00","D","999.9","000000"
"08084099999","2000-01-02","42.45","-2.3333333","363.0","LOGRONO AGONCILLO, SP","  38.4","24","  33.9","24","1030.3"," 7","985.7"," 7","  8.4","24","  3.4","24","  6.0","999.9","  50.4"," ","  32.0","*"," 0.00","D","999.9","000000"
"08084099999","2000-01-03","42.45","-2.3333333","363.0","LOGRONO AGONCILLO, SP","  38.1","24","  35.4","24","1031.1"," 7","986.4"," 7","  3.3","24","  3.3","24","  9.9","999.9","  46.0"," ","  32.0","*"," 0.00","C","999.9","000000"
"08084099999","2000-01-04","42.45","-2.3333333","363.0","LOGRONO AGONCILLO, SP","  35.8","23","  31.7","23","1031.2"," 7","986.2"," 7","  3.2","22","  1.7","23","  6.0","999.9","  45.0"," ","  26.6","*"," 0.00","D","999.9","000000"
"08084099999","2000-01-05","42.45","-2.3333333","363.0","LOGRONO AGONCILLO, SP","  32.2","20","  30.1","20","1028.0"," 7","982.7"," 7","  2.6","20","  3.9","20","  6.0","999.9","  35.6","*","  28.4","*"," 0.00","C","999.9","100000"
"08084099999","2000-01-06","42.45","-2.3333333","363.0","LOGRONO AGONCILLO, SP","  31.6","21","  30.7","21","1027.9"," 6","982.7"," 6","  0.9","21","  2.1","21","  4.1","999.9","  34.5","*","  28.8"," "," 0.00","B","999.9","100000"
"08084099999","2000-01-07","42.45","-2.3333333","363.0","LOGRONO AGONCILLO, SP","  37.9","24","  32.8","24","1028.7"," 8","984.1"," 8","  5.2","24","  4.0","24","  6.0","999.9","  55.0"," ","  26.6","*"," 0.00","D","999.9","100000"
"08084099999","2000-01-08","42.45","-2.3333333","363.0","LOGRONO AGONCILLO, SP","  36.3","18","  34.0","18","1027.3"," 8","982.5"," 8","  1.4","18","  1.9","18","  8.0","999.9","  47.5"," ","  30.2","*"," 0.00","D","999.9","100000"
"08084099999","2000-01-09","42.45","-2.3333333","363.0","LOGRONO AGONCILLO, SP","  39.3","23","  34.6","23","1028.1"," 7","983.6"," 7","  6.9","23","  5.1","23","  8.0","999.9","  47.1"," ","  30.9","*"," 0.04","E","999.9","110000"
"08084099999","2000-01-10","42.45","-2.3333333","363.0","LOGRONO AGONCILLO, SP","  37.3","24","  27.6","24","1033.5"," 7","988.6"," 7","  9.2","24","  3.8","24","  6.0","999.9","  45.5"," ","  32.0","*"," 0.00","D","999.9","000000"
"08084099999","2000-01-11","42.45","-2.3333333","363.0","LOGRONO AGONCILLO, SP","  34.6","22","  27.3","22","1036.0"," 7","990.6"," 8","  7.6","22","  4.1","22","  6.0","999.9","  46.4"," ","  28.4","*"," 0.00","D","999.9","000000"
"08084099999","2000-01-12","42.45","-2.3333333","363.0","LOGRONO AGONCILLO, SP","  34.8","24","  28.9","24","1032.0"," 7","986.7"," 7","  8.4","24","  2.0","24","  8.0","999.9","  51.8"," ","  24.4"," "," 0.00","C","999.9","000000"
"08084099999","2000-01-13","42.45","-2.3333333","363.0","LOGRONO AGONCILLO, SP","  31.5","24","  28.5","24","1023.0"," 6","977.9"," 6","  4.7","24","  3.2","24","  8.0","999.9","  38.8","*","  23.0","*"," 0.00","H","999.9","010000"
"08084099999","2000-01-14","42.45","-2.3333333","363.0","LOGRONO AGONCILLO, SP","  36.4","24","  34.2","24","1013.6"," 8","969.4"," 8","  1.8","24"," 11.4","24"," 19.0","999.9","  39.9"," ","  33.8","*"," 0.19","F","999.9","010000"
"08084099999","2000-01-15","42.45","-2.3333333","363.0","LOGRONO AGONCILLO, SP","  39.4","20","  38.0","20","1019.9"," 7","976.0"," 8","  5.2","20","  6.2","20","  9.9","999.9","  45.0"," ","  35.6","*"," 0.27","F","999.9","010000"
"08084099999","2000-01-16","42.45","-2.3333333","363.0","LOGRONO AGONCILLO, SP","  38.5","19","  33.6","19","1027.9"," 8","983.3"," 8","  7.8","19","  3.6","19","  8.0","999.9","  50.0"," ","  31.3"," "," 0.00","I","999.9","000000"
"08084099999","2000-01-17","42.45","-2.3333333","363.0","LOGRONO AGONCILLO, SP","  36.8"," 5","  31.2"," 5","1032.3"," 5","987.2"," 5"," 11.2"," 5","  6.0"," 5","  9.9","999.9","  42.8","*","  32.7"," "," 0.00","I","999.9","000000"
"08084099999","2000-01-18","42.45","-2.3333333","363.0","LOGRONO AGONCILLO, SP","  40.1","16","  31.0","16","1028.6"," 8","983.9"," 8","  8.7","16"," 13.1","16"," 19.0","999.9","  48.2"," ","  36.0"," "," 0.00","I","999.9","000000"
"08084099999","2000-01-19","42.45","-2.3333333","363.0","LOGRONO AGONCILLO, SP","  38.9","22","  31.1","22","1028.5"," 5","984.0"," 5","  8.8","22","  9.3","22"," 12.0","999.9","  48.2"," ","  33.8","*"," 0.00","I","999.9","000000"
"08084099999","2000-01-20","42.45","-2.3333333","363.0","LOGRONO AGONCILLO, SP","  36.8","23","  28.7","23","1031.5"," 8","986.6"," 8","  9.2","23","  6.8","23"," 14.0","999.9","  45.3"," ","  30.2","*"," 0.00","I","999.9","000000"
"08084099999","2000-01-21","42.45","-2.3333333","363.0","LOGRONO AGONCILLO, SP","  35.2","23","  27.7","23","1031.6"," 7","986.6"," 7","  8.8","23","  8.3","23"," 15.9","999.9","  44.2"," ","  28.4","*"," 0.00","I","999.9","000000"
"08084099999","2000-01-22","42.45","-2.3333333","363.0","LOGRONO AGONCILLO, SP","  35.9","24","  26.8","24","1027.4"," 8","982.5"," 8","  9.3","24","  6.6","24"," 15.9","999.9","  45.3"," ","  30.2","*"," 0.00","I","999.9","000000"
"08084099999","2000-01-23","42.45","-2.3333333","363.0","LOGRONO AGONCILLO, SP","  41.0","23","  32.0","23","1023.3"," 6","979.3"," 7","  8.2","23","  7.0","23"," 12.0","999.9","  47.1"," ","  37.4","*"," 0.03","E","999.9","010000"
"08084099999","2000-01-24","42.45","-2.3333333","363.0","LOGRONO AGONCILLO, SP","  37.6","23","  28.3","23","1022.6"," 7","978.0"," 7","  9.3","23","  2.9","23","  6.0","999.9","  45.3"," ","  28.4","*"," 0.00","I","999.9","000000"
"08084099999","2000-01-25","42.45","-2.3333333","363.0","LOGRONO AGONCILLO, SP","  30.4","24","  22.8","24","1021.8"," 8","976.7"," 8","  9.6","24","  3.2","24","  6.0","999.9","  42.1"," ","  21.2","*"," 0.00","I","999.9","000000"
"08084099999","2000-01-26","42.45","-2.3333333","363.0","LOGRONO AGONCILLO, SP","  30.1","20","  24.3","20","1026.6"," 8","981.3"," 8","  7.1","20","  8.2","20"," 19.0","999.9","  46.0"," ","  21.2","*"," 0.00","I","999.9","000000"
"08084099999","2000-01-27","42.45","-2.3333333","363.0","LOGRONO AGONCILLO, SP","  36.7","23","  32.8","23","1030.5"," 7","985.4"," 7","  6.5","23","  5.9","23","  9.9","999.9","  47.1"," ","  30.2","*"," 0.00","I","999.9","000000"
"08084099999","2000-01-28","42.45","-2.3333333","363.0","LOGRONO AGONCILLO, SP","  34.8","23","  30.5","22","1030.2"," 7","985.0"," 7","  3.8","23","  2.3","23","  6.0","999.9","  53.2"," ","  26.6","*"," 0.00","I","999.9","100000"
"08084099999","2000-01-29","42.45","-2.3333333","363.0","LOGRONO AGONCILLO, SP","  39.9","24","  32.0","24","1030.5"," 7","985.8"," 7","  6.1","24","  4.9","24"," 12.0","999.9","  53.6","*","  28.4","*"," 0.00","I","999.9","000000"
"08084099999","2000-01-30","42.45","-2.3333333","363.0","LOGRONO AGONCILLO, SP","  44.1","24","  35.7","24","1034.4"," 8","990.1"," 8","  6.8","24","  3.8","24","  6.0","999.9","  60.8"," ","  32.0","*"," 0.00","I","999.9","000000"
"08084099999","2000-01-31","42.45","-2.3333333","363.0","LOGRONO AGONCILLO, SP","  42.9","23","  35.5","23","1031.9"," 7","987.4"," 7","  7.5","23","  3.1","23","  9.9","999.9","  57.6"," ","  32.0","*"," 0.00","I","999.9","000000"
"08084099999","2000-02-01","42.45","-2.3333333","363.0","LOGRONO AGONCILLO, SP","  41.1","24","  37.2","24","1028.1"," 8","983.7"," 8","  5.1","23","  1.9","24","  6.0","999.9","  53.6"," ","  32.0","*","99.99"," ","999.9","010000"
"08084099999","2000-02-02","42.45","-2.3333333","363.0","LOGRONO AGONCILLO, SP","  51.0","23","  44.1","23","1028.1"," 7","985.2"," 8","  7.1","23","  5.0","23"," 14.0"," 23.9","  63.0"," ","  41.0"," "," 0.03","E","999.9","000000"
"08084099999","2000-02-03","42.45","-2.3333333","363.0","LOGRONO AGONCILLO, SP","  48.5","20","  35.3","20","1036.1"," 7","991.9"," 7","  8.7","20","  5.0","20","  8.0","999.9","  60.1"," ","  41.0","*"," 0.00","I","999.9","000000"
"08084099999","2000-02-04","42.45","-2.3333333","363.0","LOGRONO AGONCILLO, SP","  44.0","24","  28.0","24","1035.8"," 8","991.3"," 8"," 10.1","24","  4.0","24","  8.0","999.9","  60.1"," ","  33.8","*"," 0.00","I","999.9","000000"
"08084099999","2000-02-05","42.45","-2.3333333","363.0","LOGRONO AGONCILLO, SP","  42.5","24","  33.1","24","1035.0"," 8","990.2"," 8","  7.1","24","  3.0","24","  8.0","999.9","  54.3"," ","  32.0","*"," 0.00","I","999.9","000000"
"08084099999","2000-02-06","42.45","-2.3333333","363.0","LOGRONO AGONCILLO, SP","  40.3","24","  33.6","24","1031.4"," 8","986.7"," 8","  7.0","24","  2.2","24","  8.0","999.9","  54.7"," ","  28.4","*"," 0.00","I","999.9","000000"
"08084099999","2000-02-07","42.45","-2.3333333","363.0","LOGRONO AGONCILLO, SP","  50.0","24","  40.3","24","1031.5"," 7","987.8"," 7","  7.1","24","  6.8","24"," 14.0","999.9","  58.3"," ","  41.0","*"," 0.00","I","999.9","000000"
"08084099999","2000-02-08","42.45","-2.3333333","363.0","LOGRONO AGONCILLO, SP","  51.6","24","  40.6","24","1030.1"," 8","986.5"," 8","  7.6","24","  8.6","24"," 15.9","999.9","  59.0"," ","  46.4","*"," 0.00","I","999.9","000000"
"08084099999","2000-02-09","42.45","-2.3333333","363.0","LOGRONO AGONCILLO, SP","  48.9","24","  39.6","24","1033.5"," 8","989.7"," 8","  7.7","24","  3.8","24","  6.0","999.9","  58.3"," ","  32.0","*"," 0.00","I","999.9","000000"
"08084099999","2000-02-10","42.45","-2.3333333","363.0","LOGRONO AGONCILLO, SP","  42.2","24","  34.4","24","1031.0"," 8","986.2"," 7","  5.3","20","  1.3","24","  6.0","999.9","  58.3"," ","  26.6","*"," 0.00","I","999.9","100000"
"08084099999","2000-02-11","42.45","-2.3333333","363.0","LOGRONO AGONCILLO, SP","  48.2","24","  42.8","24","1028.4"," 8","984.5"," 8","  8.7","24","  2.9","24","  6.0","999.9","  53.6"," ","  42.8","*"," 0.03","E","999.9","000000"
"08084099999","2000-02-12","42.45","-2.3333333","363.0","LOGRONO AGONCILLO, SP","  42.6","23","  30.6","23","1032.7"," 8","988.2"," 8"," 11.1","23","  5.8","23"," 12.0","999.9","  51.1"," ","  33.8","*"," 0.03","E","999.9","000000"
"08084099999","2000-02-13","42.45","-2.3333333","363.0","LOGRONO AGONCILLO, SP","  45.2","24","  33.1","24","1030.9"," 8","986.7"," 8","  9.0","24","  5.5","24"," 12.0","999.9","  57.9"," ","  32.0","*"," 0.00","I","999.9","000000"
"08084099999","2000-02-14","42.45","-2.3333333","363.0","LOGRONO AGONCILLO, SP","  51.3","24","  44.6","24","1029.9"," 6","986.4"," 6","  8.0","24","  5.9","24","  9.9","999.9","  59.0","*","  46.4","*"," 0.00","I","999.9","000000"
"08084099999","2000-02-15","42.45","-2.3333333","363.0","LOGRONO AGONCILLO, SP","  49.2","23","  40.3","23","1029.3"," 8","985.5"," 8","  7.1","23","  2.8","23","  6.0","999.9","  60.8"," ","  39.2","*"," 0.00","I","999.9","000000"
"08084099999","2000-02-16","42.45","-2.3333333","363.0","LOGRONO AGONCILLO, SP","  48.1","24","  37.3","24","1025.0"," 8","981.3"," 8","  8.6","24","  9.0","24"," 35.9","999.9","  55.4"," ","  42.8","*","99.99"," ","999.9","010000"
"08084099999","2000-02-17","42.45","-2.3333333","363.0","LOGRONO AGONCILLO, SP","  49.6","21","  41.3","21","1024.4"," 7","980.9"," 7","  8.4","21"," 11.0","21"," 14.0"," 32.1","  59.7"," ","  44.2"," "," 0.11","F","999.9","010000"
"08084099999","2000-02-18","42.45","-2.3333333","363.0","LOGRONO AGONCILLO, SP","  51.7","21","  42.9","21","1025.8"," 7","982.6"," 7"," 10.2","21","  5.2","21","  9.9","999.9","  65.1"," ","  44.6","*"," 0.03","E","999.9","000000"
"08084099999","2000-02-19","42.45","-2.3333333","363.0","LOGRONO AGONCILLO, SP","  50.1","22","  42.2","22","1025.5"," 8","982.0"," 8","  7.7","22","  5.3","22"," 12.0","999.9","  57.9"," ","  42.8","*"," 0.00","I","999.9","000000"
"08084099999","2000-02-20","42.45","-2.3333333","363.0","LOGRONO AGONCILLO, SP","  47.9","22","  38.5","22","1026.0"," 7","982.4"," 7","  8.7","22","  4.9","22","  8.0","999.9","  57.2"," ","  37.4","*"," 0.00","I","999.9","000000"
"08084099999","2000-02-21","42.45","-2.3333333","363.0","LOGRONO AGONCILLO, SP","  41.8","21","  33.2","21","1026.8"," 7","982.4"," 7","  8.4","21","  2.3","20","  4.1","999.9","  57.6"," ","  32.0","*"," 0.00","I","999.9","000000"
"08084099999","2000-02-22","42.45","-2.3333333","363.0","LOGRONO AGONCILLO, SP","  43.1","23","  36.1","23","1026.8"," 8","982.6"," 8","  6.7","23","  4.9","23","  8.0","999.9","  50.7"," ","  33.8","*"," 0.03","E","999.9","010000"
"08084099999","2000-02-23","42.45","-2.3333333","363.0","LOGRONO AGONCILLO, SP","  50.3","23","  44.0","23","1028.5"," 7","984.8"," 7","  6.3","23","  4.9","23","  8.0","999.9","  57.9"," ","  44.6","*"," 0.03","F","999.9","010000"
"08084099999","2000-02-24","42.45","-2.3333333","363.0","LOGRONO AGONCILLO, SP","  51.0","24","  42.9","24","1031.2"," 8","987.6"," 8","  8.4","24","  2.3","22","  6.0","999.9","  63.3"," ","  39.2","*"," 0.00","I","999.9","000000"
"08084099999","2000-02-25","42.45","-2.3333333","363.0","LOGRONO AGONCILLO, SP","  46.0","24","  38.8","24","1031.2"," 8","987.1"," 8","  6.4","24","  2.0","24","  8.0","999.9","  65.8"," ","  32.0","*"," 0.00","I","999.9","000001"
"08084099999","2000-02-26","42.45","-2.3333333","363.0","LOGRONO AGONCILLO, SP","  46.4","24","  39.3","24","1029.7"," 8","985.7"," 8","  5.9","24","  2.7","24","  9.9","999.9","  65.5"," ","  32.0","*"," 0.00","I","999.9","100000"
"08084099999","2000-02-27","42.45","-2.3333333","363.0","LOGRONO AGONCILLO, SP","  47.4","24","  34.9","24","1027.4"," 8","983.6"," 8","  7.2","24","  4.5","24"," 14.0","999.9","  67.3"," ","  28.4","*"," 0.00","I","999.9","000000"
"08084099999","2000-02-28","42.45","-2.3333333","363.0","LOGRONO AGONCILLO, SP","  45.2","24","  35.3","24","1027.2"," 7","983.3"," 7","  7.4","24","  2.8","24","  8.0","999.9","  56.8"," ","  32.0","*"," 0.00","I","999.9","000000"
"08084099999","2000-02-29","42.45","-2.3333333","363.0","LOGRONO AGONCILLO, SP","  42.0","24","  37.0","24","1026.6"," 8","982.4"," 8","  3.9","22","  0.9","23","  4.1","999.9","  56.5"," ","  30.2"," "," 0.00","I","999.9","100000"
"08084099999","2000-03-01","42.45","-2.3333333","363.0","LOGRONO AGONCILLO, SP","  47.1","23","  36.2","23","1023.3"," 8","979.6"," 8","  8.2","23","  9.5","22"," 15.9"," 28.0","  59.4"," ","  33.8","*","99.99"," ","999.9","010000"
"08084099999","2000-03-02","42.45","-2.3333333","363.0","LOGRONO AGONCILLO, SP","  44.9","24","  33.3","24","1030.6"," 8","986.5"," 8","  8.7","24","  3.8","24","  6.0","999.9","  58.6"," ","  33.8","*"," 0.00","E","999.9","000000"
"08084099999","2000-03-03","42.45","-2.3333333","363.0","LOGRONO AGONCILLO, SP","  45.2","23","  33.4","23","1026.1"," 8","981.8"," 8","  8.1","23","  1.1","23","  6.0","999.9","  64.8"," ","  26.2"," "," 0.00","I","999.9","000000"
"08084099999","2000-03-04","42.45","-2.3333333","363.0","LOGRONO AGONCILLO, SP","  49.0","23","  39.2","23","1026.5"," 8","982.8"," 8","  7.8","22","  4.3","23","  8.0","999.9","  62.2"," ","  39.2","*"," 0.00","I","999.9","000000"
"08084099999","2000-03-05","42.45","-2.3333333","363.0","LOGRONO AGONCILLO, SP","  46.9","23","  33.8","23","1029.6"," 7","985.6"," 7","  8.1","23","  3.2","23","  8.0","999.9","  64.0"," ","  30.2","*"," 0.00","I","999.9","000000"
"08084099999","2000-03-06","42.45","-2.3333333","363.0","LOGRONO AGONCILLO, SP","  44.4","24","  37.3","24","1030.4"," 8","986.1"," 8","  8.0","24","  2.1","24","  8.0","999.9","  60.1"," ","  30.2"," "," 0.00","I","999.9","000000"
"08084099999","2000-03-07","42.45","-2.3333333","363.0","LOGRONO AGONCILLO, SP","  46.5","20","  41.9","20","1030.5"," 8","986.5"," 7","  5.3","20","  0.9","20","  6.0","999.9","  62.6"," ","  37.4","*"," 0.00","I","999.9","000000"
"08084099999","2000-03-08","42.45","-2.3333333","363.0","LOGRONO AGONCILLO, SP","  53.7","23","  36.6","23","1031.4"," 7","987.8"," 7","  7.4","23","  2.3","23","  6.0","999.9","  74.8"," ","  39.2","*"," 0.00","I","999.9","000000"
"08084099999","2000-03-09","42.45","-2.3333333","363.0","LOGRONO AGONCILLO, SP","  55.7","23","  35.4","23","1030.9"," 8","987.6"," 8","  8.3","23","  3.8","23","  8.0","999.9","  77.4"," ","  37.4","*"," 0.00","I","999.9","000000"
"08084099999","2000-03-10","42.45","-2.3333333","363.0","LOGRONO AGONCILLO, SP","  56.0","22","  35.8","22","1028.4"," 8","985.2"," 8","  9.6","22","  7.1","22","  9.9","999.9","  74.5"," ","  42.8","*"," 0.00","I","999.9","000000"
"08084099999","2000-03-11","42.45","-2.3333333","363.0","LOGRONO AGONCILLO, SP","  51.1","23","  38.5","23","1023.4"," 8","980.2"," 8","  8.9","23","  2.1","23","  6.0","999.9","  72.3"," ","  35.6","*"," 0.00","I","999.9","000000"
"08084099999","2000-03-12","42.45","-2.3333333","363.0","LOGRONO AGONCILLO, SP","  53.6","24","  42.2","24","1019.0"," 8","975.9"," 8","  7.0","24","  3.0","24"," 12.0","999.9","  71.2"," ","  38.1"," "," 0.00","I","999.9","000000"
"08084099999","2000-03-13","42.45","-2.3333333","363.0","LOGRONO AGONCILLO, SP","  50.2","24","  40.0","24","1023.7"," 8","980.3"," 8","  7.2","24","  6.7","24","  9.9","999.9","  63.7"," ","  42.8","*"," 0.00","I","999.9","000000"
"08084099999","2000-03-14","42.45","-2.3333333","363.0","LOGRONO AGONCILLO, SP","  51.2","24","  40.3","24","1029.4"," 8","985.8"," 8","  7.4","24","  7.8","24"," 12.0","999.9","  66.2"," ","  42.8","*"," 0.00","I","999.9","000000"
"08084099999","2000-03-15","42.45","-2.3333333","363.0","LOGRONO AGONCILLO, SP","  49.2","22","  39.1","22","1031.3"," 8","987.5"," 8","  7.5","22","  7.8","22"," 14.0","999.9","  59.4"," ","  41.0","*"," 0.00","I","999.9","000000"
"08084099999","2000-03-16","42.45","-2.3333333","363.0","LOGRONO AGONCILLO, SP","  49.3","24","  33.6","24","1030.6"," 7","986.7"," 7","  9.2","24","  6.8","23"," 14.0","999.9","  64.0","*","  41.0","*"," 0.00","I","999.9","000000"
"08084099999","2000-03-17","42.45","-2.3333333","363.0","LOGRONO AGONCILLO, SP","  48.0","24","  35.4","23","1028.8"," 7","984.9"," 7","  8.0","24","  8.6","24"," 15.9","999.9","  63.0","*","  37.4","*"," 0.00","I","999.9","000000"
"08084099999","2000-03-18","42.45","-2.3333333","363.0","LOGRONO AGONCILLO, SP","  49.3","22","  40.0","22","1027.8"," 7","984.0"," 7","  5.6","20","  6.6","22","  9.9"," 22.0","  57.6","*","  42.8","*"," 0.00","I","999.9","000000"
"08084099999","2000-03-19","42.45","-2.3333333","363.0","LOGRONO AGONCILLO, SP","  44.8","24","  34.4","24","1026.2"," 8","982.2"," 8","  7.7","24","  7.6","24"," 14.0","999.9","  54.0"," ","  39.2","*"," 0.00","I","999.9","000000"
"08084099999","2000-03-20","42.45","-2.3333333","363.0","LOGRONO AGONCILLO, SP","  44.7","22","  33.7","22","1018.5"," 7","974.9"," 7","  8.1","22","  6.7","22"," 19.0","999.9","  62.2"," ","  28.4","*"," 0.00","I","999.9","000000"
"08084099999","2000-03-21","42.45","-2.3333333","363.0","LOGRONO AGONCILLO, SP","  48.1","19","  41.9","19","1016.5"," 8","973.3"," 8","  6.3","19"," 17.0","19"," 27.0","999.9","  56.5"," ","  42.8","*"," 0.00","I","999.9","000000"
"08084099999","2000-03-22","42.45","-2.3333333","363.0","LOGRONO AGONCILLO, SP","  49.2","24","  42.9","24","1015.7"," 8","972.6"," 8","  7.2","24"," 11.9","24"," 26.0","999.9","  57.2"," ","  44.6","*"," 0.00","I","999.9","000000"
"08084099999","2000-03-23","42.45","-2.3333333","363.0","LOGRONO AGONCILLO, SP","  50.9","24","  45.3","24","1011.4"," 7","968.7"," 7","  6.8","24","  6.2","24"," 12.0","999.9","  60.8","*","  42.8","*"," 0.02","E","999.9","010010"
"08084099999","2000-03-24","42.45","-2.3333333","363.0","LOGRONO AGONCILLO, SP","  50.2","20","  42.0","20","1016.1"," 7","972.8"," 7","  8.2","20","  1.6","20","  6.0","999.9","  62.2"," ","  39.2","*"," 0.04","E","999.9","010000"
"08084099999","2000-03-25","42.45","-2.3333333","363.0","LOGRONO AGONCILLO, SP","  44.2","23","  38.9","23","1019.6"," 7","975.9"," 7","  8.3","23","  2.2","22","  6.0","999.9","  57.9"," ","  33.8","*"," 0.00","E","999.9","010000"
"08084099999","2000-03-26","42.45","-2.3333333","363.0","LOGRONO AGONCILLO, SP","  47.2","24","  37.6","24","1021.3"," 8","977.8"," 8","  7.0","24","  5.5","24"," 12.0","999.9","  57.9"," ","  39.2","*"," 0.03","E","999.9","000000"
"08084099999","2000-03-27","42.45","-2.3333333","363.0","LOGRONO AGONCILLO, SP","  46.6","22","  37.0","22","1014.8"," 8","971.5"," 8","  7.1","22","  7.8","22"," 15.9","999.9","  55.4"," ","  39.2","*"," 0.08","E","999.9","010000"
"08084099999","2000-03-28","42.45","-2.3333333","363.0","LOGRONO AGONCILLO, SP","  39.4","23","  33.0","23","1012.9"," 8","969.0"," 8","  8.5","23","  5.8","23"," 14.0","999.9","  46.8"," ","  35.6","*"," 0.10","F","999.9","010000"
"08084099999","2000-03-29","42.45","-2.3333333","363.0","LOGRONO AGONCILLO, SP","  42.1","23","  30.6","23","1013.6"," 7","970.2"," 8"," 10.1","23","  4.3","23","  8.0","999.9","  54.0"," ","  35.6","*"," 0.00","I","999.9","000000"
"08084099999","2000-03-30","42.45","-2.3333333","363.0","LOGRONO AGONCILLO, SP","  42.1","21","  34.2","21","1014.3"," 6","970.9"," 7","  7.3","21","  3.9","21"," 12.0","999.9","  56.5"," ","  27.0"," "," 0.03","E","999.9","110000"
"08084099999","2000-03-31","42.45","-2.3333333","363.0","LOGRONO AGONCILLO, SP","  47.6","24","  38.3","24","1012.0"," 7","968.8"," 7","  7.7","24","  5.3","24"," 12.0","999.9","  58.6"," ","  41.0","*"," 0.16","F","999.9","010000"
"08084099999","2000-04-01","42.45","-2.3333333","363.0","LOGRONO AGONCILLO, SP","  47.8","24","  36.8","24","1007.9"," 8","965.0"," 8","  7.6","24","  7.8","24"," 15.9","999.9","  60.8"," ","  33.8","*"," 0.00","I","999.9","000000"
"08084099999","2000-04-02","42.45","-2.3333333","363.0","LOGRONO AGONCILLO, SP","  49.2","23","  44.0","23"," 993.0"," 8","950.9"," 8","  5.7","23"," 20.9","23"," 27.0"," 35.0","  54.3"," ","  44.6","*"," 0.04","E","999.9","010000"
"08084099999","2000-04-03","42.45","-2.3333333","363.0","LOGRONO AGONCILLO, SP","  51.5","24","  36.4","24"," 988.2"," 7","946.2"," 8","  8.8","24","  5.6","24"," 12.0","999.9","  59.4"," ","  42.8","*"," 0.01","E","999.9","010000"
"08084099999","2000-04-04","42.45","-2.3333333","363.0","LOGRONO AGONCILLO, SP","  47.5","19","  37.5","19"," 998.4"," 8","955.8"," 8","  9.6","19","  5.6","19"," 14.0","999.9","  58.3"," ","  42.8","*"," 0.03","E","999.9","000000"
"08084099999","2000-04-05","42.45","-2.3333333","363.0","LOGRONO AGONCILLO, SP","  43.8","18","  35.8","18","1014.4"," 6","970.7"," 6","  9.1","18","  6.0","18","  9.9","999.9","  51.8","*","  37.4","*"," 0.03","E","999.9","010000"
"08084099999","2000-04-06","42.45","-2.3333333","363.0","LOGRONO AGONCILLO, SP","  44.7","22","  34.2","22","1021.8"," 7","977.9"," 7"," 10.5","22","  3.9","21","  8.0","999.9","  57.6"," ","  33.8","*"," 0.00","E","999.9","000000"
"08084099999","2000-04-07","42.45","-2.3333333","363.0","LOGRONO AGONCILLO, SP","  44.1","20","  32.0","20","1021.9"," 7","978.0"," 7","  7.8","20","  5.1","20"," 15.9","999.9","  64.8"," ","  28.4","*"," 0.00","I","999.9","000000"
"08084099999","2000-04-08","42.45","-2.3333333","363.0","LOGRONO AGONCILLO, SP","  45.2","20","  39.0","20","1016.4"," 8","972.8"," 8","  6.9","20"," 12.1","20"," 20.0","999.9","  48.6","*","  41.0","*"," 0.16","E","999.9","010000"
"08084099999","2000-04-09","42.45","-2.3333333","363.0","LOGRONO AGONCILLO, SP","  51.2","23","  46.1","23","1006.4"," 8","971.4"," 8","  6.2","23","  4.3","23","  6.0","999.9","  63.7"," ","  42.8","*"," 0.06","F","999.9","010000"
"08084099999","2000-04-10","42.45","-2.3333333","363.0","LOGRONO AGONCILLO, SP","  45.3","24","  40.4","24","1004.1"," 8","961.1"," 8","  8.3","24","  4.2","24","  8.0","999.9","  52.5"," ","  41.0","*"," 0.20","F","999.9","010000"
"08084099999","2000-04-11","42.45","-2.3333333","363.0","LOGRONO AGONCILLO, SP","  47.8","22","  40.6","22","1007.4"," 8","964.4"," 8","  8.9","22","  5.3","22","  9.9","999.9","  57.9"," ","  39.2","*"," 0.09","F","999.9","010000"
"08084099999","2000-04-12","42.45","-2.3333333","363.0","LOGRONO AGONCILLO, SP","  50.3","23","  40.7","23","1002.9"," 6","960.4"," 7","  9.5","23","  4.5","23","  9.9","999.9","  59.0","*","  45.7"," ","99.99"," ","999.9","010000"
"08084099999","2000-04-13","42.45","-2.3333333","363.0","LOGRONO AGONCILLO, SP","  53.4","22","  41.5","22","1003.2"," 8","960.8"," 8","  9.0","22","  3.3","22","  8.0","999.9","  62.2"," ","  42.8","*"," 0.03","E","999.9","000000"
"08084099999","2000-04-14","42.45","-2.3333333","363.0","LOGRONO AGONCILLO, SP","  53.8","23","  40.4","23"," 999.3"," 7","957.2"," 7"," 10.0","23","  6.7","23"," 14.0"," 29.9","  66.9"," ","  39.2","*"," 0.08","E","999.9","010010"
"08084099999","2000-04-15","42.45","-2.3333333","363.0","LOGRONO AGONCILLO, SP","  47.5","24","  38.7","24","1005.9"," 7","963.1"," 7","  8.3","24","  7.5","24"," 20.0","999.9","  58.6","*","  35.6","*","99.99"," ","999.9","010000"
"08084099999","2000-04-16","42.45","-2.3333333","363.0","LOGRONO AGONCILLO, SP","  51.9","24","  41.5","24"," 997.0"," 7","955.0"," 7","  7.9","24","  6.7","24"," 15.9","999.9","  66.2"," ","  44.6","*"," 0.01","F","999.9","010000"
"08084099999","2000-04-17","42.45","-2.3333333","363.0","LOGRONO AGONCILLO, SP","  52.2","24","  35.5","24","1010.7"," 8","968.0"," 8"," 11.1","24","  9.8","24"," 37.9","999.9","  64.0"," ","  42.8","*"," 0.00","I","999.9","000000"
"08084099999","2000-04-18","42.45","-2.3333333","363.0","LOGRONO AGONCILLO, SP","  50.7","24","  39.6","24","1012.0"," 8","969.1"," 8"," 10.1","24","  6.2","24"," 20.0"," 34.0","  65.1"," ","  37.4","*"," 0.02","F","999.9","010000"
"08084099999","2000-04-19","42.45","-2.3333333","363.0","LOGRONO AGONCILLO, SP","  55.9","24","  46.7","24","1014.4"," 8","971.9"," 8","  9.5","24","  3.0","24"," 12.0","999.9","  70.5"," ","  44.6","*"," 0.02","F","999.9","010000"
"08084099999","2000-04-20","42.45","-2.3333333","363.0","LOGRONO AGONCILLO, SP","  60.3","23","  44.7","23","1014.3"," 8","972.0"," 8","  9.0","23","  3.0","23","  9.9","999.9","  74.8"," ","  44.6","*"," 0.00","I","999.9","000000"
"08084099999","2000-04-21","42.45","-2.3333333","363.0","LOGRONO AGONCILLO, SP","  60.1","21","  49.0","21","1014.3"," 7","972.1"," 7"," 10.5","21","  3.9","21"," 12.0","999.9","  73.8"," ","  53.6"," "," 0.00","I","999.9","000000"
"08084099999","2000-04-22","42.45","-2.3333333","363.0","LOGRONO AGONCILLO, SP","  54.2","21","  44.8","21","1012.1"," 7","969.6"," 7","  9.8","21","  2.8","21","  8.0","999.9","  61.9"," ","  48.2","*"," 0.02","F","999.9","010000"
"08084099999","2000-04-23","42.45","-2.3333333","363.0","LOGRONO AGONCILLO, SP","  51.2","24","  38.2","24","1018.5"," 8","975.3"," 8"," 11.3","24","  7.7","24"," 15.9"," 29.9","  61.9"," ","  42.8","*"," 0.03","E","999.9","010000"
"08084099999","2000-04-24","42.45","-2.3333333","363.0","LOGRONO AGONCILLO, SP","  51.5","22","  40.5","22","1017.6"," 6","974.3"," 6","  9.8","22","  1.8","21","  6.0","999.9","  67.3","*","  37.4","*"," 0.00","I","999.9","000000"
"08084099999","2000-04-25","42.45","-2.3333333","363.0","LOGRONO AGONCILLO, SP","  61.8","23","  44.3","23","1008.7"," 8","966.9"," 8"," 10.1","23","  6.8","23"," 14.0","999.9","  78.8"," ","  48.2","*"," 0.00","I","999.9","000000"
"08084099999","2000-04-26","42.45","-2.3333333","363.0","LOGRONO AGONCILLO, SP","  56.0","23","  41.2","23","1009.3"," 8","967.0"," 8","  8.7","23","  4.9","23","  8.0","999.9","  66.9"," ","  50.0","*"," 0.00","I","999.9","000000"
"08084099999","2000-04-27","42.45","-2.3333333","363.0","LOGRONO AGONCILLO, SP","  46.9","21","  41.0","21","1009.5"," 8","966.3"," 7","  7.4","21","  4.5","21","  8.0","999.9","  51.4","*","  42.8","*"," 0.40","F","999.9","010000"
"08084099999","2000-04-28","42.45","-2.3333333","363.0","LOGRONO AGONCILLO, SP","  49.4","24","  36.7","24","1013.0"," 8","970.0"," 8"," 10.4","24","  4.0","24","  9.9","999.9","  60.8"," ","  39.2","*"," 0.00","I","999.9","000000"
"08084099999","2000-04-29","42.45","-2.3333333","363.0","LOGRONO AGONCILLO, SP","  52.0","24","  40.3","24","1013.7"," 8","970.8"," 8","  9.0","24","  6.0","24"," 14.0","999.9","  65.8"," ","  39.2","*"," 0.00","I","999.9","000000"
"08084099999","2000-04-30","42.45","-2.3333333","363.0","LOGRONO AGONCILLO, SP","  55.8","23","  44.9","23","1015.0"," 8","972.5"," 8","  8.4","23","  9.7","23"," 18.1","999.9","  69.1"," ","  48.2","*"," 0.00","I","999.9","000000"
"08084099999","2000-05-01","42.45","-2.3333333","363.0","LOGRONO AGONCILLO, SP","  57.0","23","  41.3","23","1014.7"," 8","972.1"," 8","  9.7","23","  7.0","23"," 15.9","999.9","  70.2"," ","  43.5"," "," 0.00","I","999.9","000000"
"08084099999","2000-05-02","42.45","-2.3333333","363.0","LOGRONO AGONCILLO, SP","  61.1","24","  46.0","24","1013.6"," 8","971.6"," 8","  8.4","24","  4.0","24"," 14.0","999.9","  78.1"," ","  46.4","*"," 0.03","E","999.9","010000"
"08084099999","2000-05-03","42.45","-2.3333333","363.0","LOGRONO AGONCILLO, SP","  61.3","23","  44.8","23","1013.6"," 8","971.5"," 8","  8.7","23","  6.9","23"," 15.9","999.9","  76.3"," ","  42.8"," "," 0.00","I","999.9","000000"
"08084099999","2000-05-04","42.45","-2.3333333","363.0","LOGRONO AGONCILLO, SP","  58.1","17","  49.9","17","1011.9"," 8","969.7"," 8","  8.0","17","  6.3","17"," 14.0","999.9","  68.7"," ","  51.8","*"," 0.11","F","999.9","010000"
"08084099999","2000-05-05","42.45","-2.3333333","363.0","LOGRONO AGONCILLO, SP","  57.1","24","  50.7","24","1010.3"," 8","968.0"," 8","  6.9","24","  2.4","24","  8.0"," 18.1","  71.6"," ","  44.6"," "," 0.04","E","999.9","010010"
"08084099999","2000-05-06","42.45","-2.3333333","363.0","LOGRONO AGONCILLO, SP","  57.3","15","  50.5","15","1011.3"," 5","969.0"," 5","  7.1","15","  1.8","14","  9.9","999.9","  68.0","*","  50.0"," "," 0.08","E","999.9","000000"
"08084099999","2000-05-07","42.45","-2.3333333","363.0","LOGRONO AGONCILLO, SP","  55.4","22","  50.5","22","1012.4"," 7","970.0"," 7","  8.6","22","  3.9","21","  9.9","999.9","  69.4"," ","  50.0","*"," 0.82","F","999.9","010010"
"08084099999","2000-05-08","42.45","-2.3333333","363.0","LOGRONO AGONCILLO, SP","  53.6","17","  50.8","17","1014.6"," 8","972.0"," 8","  9.0","17","  4.0","17"," 14.0","999.9","  68.4"," ","  46.4","*"," 0.02","E","999.9","010000"
"08084099999","2000-05-09","42.45","-2.3333333","363.0","LOGRONO AGONCILLO, SP","  57.4","23","  51.0","23","1013.7"," 8","971.3"," 8","  7.2","23","  2.1","23","  8.0","999.9","  69.1"," ","  49.3"," "," 0.00","E","999.9","010010"
"08084099999","2000-05-10","42.45","-2.3333333","363.0","LOGRONO AGONCILLO, SP","  58.0","23","  50.1","23","1012.2"," 8","969.9"," 8","  7.5","23","  3.3","23","  9.9","999.9","  71.2"," ","  48.2","*"," 0.03","E","999.9","010010"
"08084099999","2000-05-11","42.45","-2.3333333","363.0","LOGRONO AGONCILLO, SP","  57.7","24","  54.1","24","1014.9"," 8","972.5"," 8","  6.0","24","  3.4","24","  6.0","999.9","  64.4"," ","  53.6","*"," 0.32","F","999.9","010000"
"08084099999","2000-05-12","42.45","-2.3333333","363.0","LOGRONO AGONCILLO, SP","  57.2","24","  52.1","24","1018.3"," 8","975.8"," 8","  7.9","24","  5.3","22"," 12.0","999.9","  69.8"," ","  48.2","*"," 0.07","F","999.9","010010"
"08084099999","2000-05-13","42.45","-2.3333333","363.0","LOGRONO AGONCILLO, SP","  62.8","23","  51.3","23","1019.6"," 8","977.3"," 8","  8.3","23","  2.8","23","  8.0","999.9","  77.7"," ","  46.4","*"," 0.24","E","999.9","000000"
"08084099999","2000-05-14","42.45","-2.3333333","363.0","LOGRONO AGONCILLO, SP","  65.6","24","  53.5","24","1018.6"," 8","976.7"," 8","  7.7","24","  4.6","24"," 12.0","999.9","  81.3"," ","  50.0","*"," 0.00","I","999.9","000000"
"08084099999","2000-05-15","42.45","-2.3333333","363.0","LOGRONO AGONCILLO, SP","  67.3","24","  52.4","24","1017.4"," 8","975.7"," 8","  8.4","24","  8.2","24"," 15.9","999.9","  81.0"," ","  53.6","*","99.99"," ","999.9","010010"
"08084099999","2000-05-16","42.45","-2.3333333","363.0","LOGRONO AGONCILLO, SP","  65.2","23","  52.4","23","1016.5"," 8","974.8"," 8"," 10.2","23","  7.7","23"," 18.1","999.9","  83.8"," ","  54.7"," "," 0.08","E","999.9","010010"
"08084099999","2000-05-17","42.45","-2.3333333","363.0","LOGRONO AGONCILLO, SP","  60.0","20","  52.9","20","1019.0"," 7","976.6"," 7","  9.1","20","  3.1","20","  6.0","999.9","  65.5"," ","  55.4","*"," 0.08","E","999.9","000000"
"08084099999","2000-05-18","42.45","-2.3333333","363.0","LOGRONO AGONCILLO, SP","  55.2","16","  48.0","16","1018.5"," 7","975.8"," 7","  9.0","16","  2.6","16","  8.0","999.9","  63.3","*","  48.2","*"," 0.00","I","999.9","000000"
"08084099999","2000-05-19","42.45","-2.3333333","363.0","LOGRONO AGONCILLO, SP","  57.4","11","  44.1","11","1018.3"," 8","975.6"," 8"," 10.9","11","  5.3","11","  9.9","999.9","  66.2"," ","  52.5","*"," 0.00","I","999.9","000000"
"08084099999","2000-05-20","42.45","-2.3333333","363.0","LOGRONO AGONCILLO, SP","  57.1","13","  44.6","13","1013.5"," 7","971.2"," 7"," 12.7","13","  3.3","13","  6.0","999.9","  73.8"," ","  42.8"," "," 0.00","I","999.9","000000"
"08084099999","2000-05-21","42.45","-2.3333333","363.0","LOGRONO AGONCILLO, SP","  56.3"," 9","  50.9"," 9","1014.7"," 7","972.7"," 6"," 10.3"," 9","  4.5"," 9","  8.0","999.9","  63.0"," ","  50.0","*"," 0.00","I","999.9","000000"
"08084099999","2000-05-22","42.45","-2.3333333","363.0","LOGRONO AGONCILLO, SP","  60.9","11","  43.0","11","1019.8"," 8","977.2"," 8"," 12.6","11","  6.2","11","  9.9","999.9","  70.9"," ","  51.1"," "," 0.00","I","999.9","000000"
"08084099999","2000-05-23","42.45","-2.3333333","363.0","LOGRONO AGONCILLO, SP","  61.6","14","  47.9","14","1019.6"," 8","977.3"," 8"," 11.8","14","  2.2","14","  9.9","999.9","  81.7"," ","  46.4","*"," 0.00","I","999.9","000000"
"08084099999","2000-05-24","42.45","-2.3333333","363.0","LOGRONO AGONCILLO, SP","  66.6"," 7","  51.2"," 6","1017.2"," 7","975.3"," 7"," 18.6"," 7","  4.0"," 7","  8.0","999.9","  82.8"," ","  50.5","*"," 0.00","I","999.9","000000"
"08084099999","2000-05-25","42.45","-2.3333333","363.0","LOGRONO AGONCILLO, SP","  64.5","16","  51.6","16","1018.5"," 8","976.6"," 8","  9.6","16","  5.3","16"," 12.0","999.9","  74.1"," ","  55.4","*"," 0.03","E","999.9","000000"
"08084099999","2000-05-26","42.45","-2.3333333","363.0","LOGRONO AGONCILLO, SP","  62.4","24","  51.4","24","1016.4"," 8","974.3"," 8","  8.8","24","  3.0","24","  8.0","999.9","  77.0"," ","  50.0","*","99.99"," ","999.9","010000"
"08084099999","2000-05-27","42.45","-2.3333333","363.0","LOGRONO AGONCILLO, SP","  62.8","20","  47.2","20","1018.5"," 6","976.1"," 6","  8.4","20","  3.0","20","  6.0","999.9","  74.1"," ","  51.8","*"," 0.02","E","999.9","000000"
"08084099999","2000-05-28","42.45","-2.3333333","363.0","LOGRONO AGONCILLO, SP","  62.1","21","  51.9","21","1016.2"," 8","974.2"," 8"," 10.1","21","  3.5","21","  9.9","999.9","  70.9"," ","  55.4","*"," 0.00","E","999.9","010000"
"08084099999","2000-05-29","42.45","-2.3333333","363.0","LOGRONO AGONCILLO, SP","  68.9","23","  58.1","23","1019.2"," 8","977.5"," 8"," 10.9","23","  5.1","23","  9.9","999.9","  78.8"," ","  62.6","*"," 0.00","I","999.9","000000"
"08084099999","2000-05-30","42.45","-2.3333333","363.0","LOGRONO AGONCILLO, SP","  71.0","23","  56.8","23","1019.9"," 7","978.4"," 7"," 10.2","23","  4.1","23","  8.0","999.9","  87.1"," ","  59.0","*"," 0.00","I","999.9","000000"
"08084099999","2000-05-31","42.45","-2.3333333","363.0","LOGRONO AGONCILLO, SP","  69.4","22","  50.8","22","1020.9"," 8","979.2"," 8","  9.1","22","  3.7","22"," 14.0","999.9","  88.2"," ","  53.6","*"," 0.00","I","999.9","000000"
"08084099999","2000-06-01","42.45","-2.3333333","363.0","LOGRONO AGONCILLO, SP","  65.9","16","  51.7","16","1021.2"," 5","978.9"," 5","  9.1","16","  4.9","16"," 14.0","999.9","  84.2","*","  48.2","*"," 0.00","I","999.9","000000"
"08084099999","2000-06-02","42.45","-2.3333333","363.0","LOGRONO AGONCILLO, SP","  70.8","23","  59.4","23","1017.0"," 7","975.9"," 7","  8.3","23","  6.5","23"," 14.0","999.9","  88.5"," ","  59.0","*"," 0.00","E","999.9","010010"
"08084099999","2000-06-03","42.45","-2.3333333","363.0","LOGRONO AGONCILLO, SP","  72.6","21","  56.2","21","1015.4"," 8","974.1"," 8","  8.3","21","  7.4","21"," 15.9","999.9","  88.2"," ","  55.4","*"," 0.00","I","999.9","000000"
"08084099999","2000-06-04","42.45","-2.3333333","363.0","LOGRONO AGONCILLO, SP","  62.7","22","  57.2","22","1017.5"," 8","975.4"," 8","  9.0","22","  5.6","22"," 14.0","999.9","  72.7"," ","  57.2","*"," 0.08","E","999.9","010010"
"08084099999","2000-06-05","42.45","-2.3333333","363.0","LOGRONO AGONCILLO, SP","  55.9","22","  50.5","22","1020.8"," 8","978.0"," 8","  8.3","22","  4.6","22","  8.0","999.9","  60.1"," ","  50.0","*"," 0.47","F","999.9","010010"
"08084099999","2000-06-06","42.45","-2.3333333","363.0","LOGRONO AGONCILLO, SP","  56.1","19","  43.5","19","1026.3"," 6","983.3"," 6","  8.7","19","  6.4","19","  9.9","999.9","  70.2"," ","  50.0","*"," 0.00","I","999.9","000000"
"08084099999","2000-06-07","42.45","-2.3333333","363.0","LOGRONO AGONCILLO, SP","  60.6","23","  45.7","23","1022.0"," 7","979.6"," 7","  8.6","23","  5.1","23","  9.9","999.9","  79.5"," ","  44.6","*"," 0.00","I","999.9","000000"
"08084099999","2000-06-08","42.45","-2.3333333","363.0","LOGRONO AGONCILLO, SP","  68.1","22","  50.8","22","1012.2"," 7","970.7"," 7","  7.5","22"," 11.0","22"," 21.0","999.9","  85.6"," ","  46.0"," "," 0.00","I","999.9","000000"
"08084099999","2000-06-09","42.45","-2.3333333","363.0","LOGRONO AGONCILLO, SP","  60.1","23","  47.7","23","1011.6"," 8","969.7"," 8","  8.3","23"," 10.1","23"," 16.9","999.9","  69.4","*","  50.0","*"," 0.03","E","999.9","010000"
"08084099999","2000-06-10","42.45","-2.3333333","363.0","LOGRONO AGONCILLO, SP","  52.4","21","  41.5","21","1021.6"," 6","978.5"," 6"," 10.3","21","  7.2","21"," 14.0"," 22.0","  58.3"," ","  50.0","*"," 0.02","A","999.9","010000"
"08084099999","2000-06-11","42.45","-2.3333333","363.0","LOGRONO AGONCILLO, SP","  57.1","24","  46.7","24","1025.4"," 8","982.5"," 8","  8.6","24","  4.8","24","  9.9","999.9","  67.3"," ","  48.2"," "," 0.00","I","999.9","000000"
"08084099999","2000-06-12","42.45","-2.3333333","363.0","LOGRONO AGONCILLO, SP","  60.0","24","  45.4","24","1028.4"," 8","985.6"," 8","  8.8","24","  6.7","24","  9.9","999.9","  74.8"," ","  50.0"," "," 0.00","I","999.9","000000"
"08084099999","2000-06-13","42.45","-2.3333333","363.0","LOGRONO AGONCILLO, SP","  62.9","23","  50.6","23","1026.4"," 8","983.8"," 8"," 10.3","23","  5.7","23","  8.0","999.9","  76.3"," ","  51.8","*"," 0.00","I","999.9","000000"
"08084099999","2000-06-14","42.45","-2.3333333","363.0","LOGRONO AGONCILLO, SP","  69.9","23","  55.3","23","1025.7"," 8","983.8"," 8"," 10.0","23","  4.2","23","  8.0","999.9","  87.8"," ","  55.4","*"," 0.00","I","999.9","000000"
"08084099999","2000-06-15","42.45","-2.3333333","363.0","LOGRONO AGONCILLO, SP","  73.7","23","  55.0","23","1023.7"," 7","982.2"," 7","  8.7","23","  4.9","23","  8.0","999.9","  94.3"," ","  57.2","*"," 0.00","I","999.9","000000"
"08084099999","2000-06-16","42.45","-2.3333333","363.0","LOGRONO AGONCILLO, SP","  76.8","21","  54.8","21","1020.7"," 8","979.5"," 8","  9.7","21","  2.7","21","  8.0","999.9","  93.2","*","  57.9"," "," 0.00","I","999.9","000000"
"08084099999","2000-06-17","42.45","-2.3333333","363.0","LOGRONO AGONCILLO, SP","  76.8","17","  57.4","17","1018.9"," 6","977.7"," 6","  9.6","17","  1.7","17","  4.1","999.9","  95.4","*","  59.7"," "," 0.00","I","999.9","000000"
"08084099999","2000-06-18","42.45","-2.3333333","363.0","LOGRONO AGONCILLO, SP","  76.6","21","  55.7","21","1017.9"," 8","977.2"," 7","  8.5","21"," 13.7","21"," 22.9","999.9","  93.9"," ","  64.4","*"," 0.00","I","999.9","000000"
"08084099999","2000-06-19","42.45","-2.3333333","363.0","LOGRONO AGONCILLO, SP","  75.2","23","  55.3","23","1017.8"," 8","976.7"," 8","  9.0","23"," 17.1","23"," 25.1","999.9","  89.6"," ","  62.6","*"," 0.00","I","999.9","000000"
"08084099999","2000-06-20","42.45","-2.3333333","363.0","LOGRONO AGONCILLO, SP","  70.2","18","  52.0","18","1014.7"," 6","973.6"," 6","  9.9","18","  9.3","18"," 15.9","999.9","  91.0"," ","  62.6","*"," 0.00","I","999.9","000000"
"08084099999","2000-06-21","42.45","-2.3333333","363.0","LOGRONO AGONCILLO, SP","  72.2","24","  54.1","24","1016.9"," 8","975.6"," 8","  9.6","24","  2.4","24","  6.0","999.9","  89.6","*","  50.0","*"," 0.00","I","999.9","000000"
"08084099999","2000-06-22","42.45","-2.3333333","363.0","LOGRONO AGONCILLO, SP","  67.7","23","  58.6","23","1020.8"," 8","979.0"," 8","  8.3","23","  3.7","23","  6.0","999.9","  82.4"," ","  60.8","*"," 0.00","I","999.9","000000"
"08084099999","2000-06-23","42.45","-2.3333333","363.0","LOGRONO AGONCILLO, SP","  62.3","24","  50.9","24","1024.8"," 8","982.3"," 8","  9.6","24","  4.5","24","  8.0","999.9","  70.9"," ","  55.4","*"," 0.00","I","999.9","000000"
"08084099999","2000-06-24","42.45","-2.3333333","363.0","LOGRONO AGONCILLO, SP","  63.8","23","  51.6","23","1023.8"," 8","981.5"," 8","  9.2","23","  5.8","23","  9.9","999.9","  73.4"," ","  57.2"," "," 0.00","I","999.9","000000"
"08084099999","2000-06-25","42.45","-2.3333333","363.0","LOGRONO AGONCILLO, SP","  71.6","24","  56.7","24","1018.4"," 8","976.8"," 8","  9.5","24","  4.8","24","  9.9","999.9","  91.4"," ","  53.6","*"," 0.00","I","999.9","000000"
"08084099999","2000-06-26","42.45","-2.3333333","363.0","LOGRONO AGONCILLO, SP","  72.8","24","  60.2","24","1015.7"," 8","974.5"," 8","  8.5","24","  5.8","24"," 14.0","999.9","  90.7"," ","  57.2","*"," 0.08","E","999.9","010010"
"08084099999","2000-06-27","42.45","-2.3333333","363.0","LOGRONO AGONCILLO, SP","  76.0","24","  60.1","24","1015.2"," 8","974.3"," 8","  8.0","24","  4.2","24","  9.9","999.9","  91.0"," ","  62.6","*"," 0.00","I","999.9","000000"
"08084099999","2000-06-28","42.45","-2.3333333","363.0","LOGRONO AGONCILLO, SP","  72.3","24","  58.3","24","1017.9"," 8","976.5"," 8","  8.6","24","  3.7","24","  8.0","999.9","  89.6"," ","  60.8"," "," 0.00","I","999.9","000000"
"08084099999","2000-06-29","42.45","-2.3333333","363.0","LOGRONO AGONCILLO, SP","  74.0","22","  59.2","22","1018.0"," 8","976.6"," 8","  7.5","22","  4.9","21","  9.9","999.9","  88.2"," ","  62.2"," "," 0.00","I","999.9","000000"
"08084099999","2000-06-30","42.45","-2.3333333","363.0","LOGRONO AGONCILLO, SP","  77.0","22","  59.7","22","1012.8"," 8","971.9"," 8","  7.2","21","  5.4","22"," 15.0","999.9","  93.6"," ","  60.8","*"," 0.00","I","999.9","000000"
"08084099999","2000-07-01","42.45","-2.3333333","363.0","LOGRONO AGONCILLO, SP","  77.3","22","  59.5","22","1009.5"," 8","968.8"," 8","  7.4","22","  3.6","22","  9.9","999.9","  95.0","*","  62.2"," "," 0.00","I","999.9","000000"
"08084099999","2000-07-02","42.45","-2.3333333","363.0","LOGRONO AGONCILLO, SP","  73.1","23","  56.0","23","1010.4"," 7","969.2"," 7","  7.9","23","  2.9","23","  6.0","999.9","  87.8","*","  55.4"," "," 0.00","I","999.9","000000"
"08084099999","2000-07-03","42.45","-2.3333333","363.0","LOGRONO AGONCILLO, SP","  71.1","22","  56.9","22","1010.1"," 8","968.9"," 8"," 10.5","22","  5.0","22"," 18.1","999.9","  86.4"," ","  59.0","*"," 0.16","E","999.9","010010"
"08084099999","2000-07-04","42.45","-2.3333333","363.0","LOGRONO AGONCILLO, SP","  65.9","23","  52.6","23","1014.4"," 7","972.8"," 6"," 10.2","23","  3.8","23","  8.0","999.9","  78.8"," ","  55.4","*"," 0.20","E","999.9","000000"
"08084099999","2000-07-05","42.45","-2.3333333","363.0","LOGRONO AGONCILLO, SP","  69.6","20","  54.3","20","1016.2"," 7","974.5"," 7","  8.3","20","  5.3","20"," 12.0","999.9","  85.6"," ","  53.2"," "," 0.00","I","999.9","000000"
"08084099999","2000-07-06","42.45","-2.3333333","363.0","LOGRONO AGONCILLO, SP","  80.5","24","  59.9","24","1011.2"," 8","970.7"," 8","  8.0","24"," 12.0","24"," 19.0","999.9","  96.8","*","  67.6"," "," 0.00","I","999.9","000000"
"08084099999","2000-07-07","42.45","-2.3333333","363.0","LOGRONO AGONCILLO, SP","  70.2","24","  54.0","24","1017.0"," 8","975.4"," 8","  8.7","24","  6.0","24"," 12.0"," 18.1","  80.6","*","  60.1"," "," 0.00","I","999.9","000000"
"08084099999","2000-07-08","42.45","-2.3333333","363.0","LOGRONO AGONCILLO, SP","  64.9","22","  54.1","22","1022.5"," 8","980.2"," 8","  8.9","22","  4.8","22"," 12.0","999.9","  71.6","*","  59.0","*"," 0.00","I","999.9","000000"
"08084099999","2000-07-09","42.45","-2.3333333","363.0","LOGRONO AGONCILLO, SP","  68.1","22","  53.6","22","1017.6"," 8","975.9"," 8","  8.8","22","  4.1","22","  6.0","999.9","  87.4"," ","  53.2"," "," 0.00","I","999.9","000000"
"08084099999","2000-07-10","42.45","-2.3333333","363.0","LOGRONO AGONCILLO, SP","  61.4","23","  55.0","23","1009.8"," 8","967.9"," 8","  8.3","23","  4.0","23","  8.0","999.9","  67.3","*","  58.3","*"," 0.28","F","999.9","010000"
"08084099999","2000-07-11","42.45","-2.3333333","363.0","LOGRONO AGONCILLO, SP","  60.2","22","  47.9","22","1015.3"," 8","973.0"," 8"," 10.0","22","  6.4","22","  9.9","999.9","  66.2"," ","  52.9"," "," 0.02","E","999.9","010000"
"08084099999","2000-07-12","42.45","-2.3333333","363.0","LOGRONO AGONCILLO, SP","  63.5","17","  48.4","17","1021.7"," 7","979.3"," 7"," 12.3","17","  5.9","17"," 12.0","999.9","  73.4","*","  54.0"," "," 0.00","I","999.9","000000"
"08084099999","2000-07-13","42.45","-2.3333333","363.0","LOGRONO AGONCILLO, SP","  65.5","22","  53.7","22","1023.1"," 7","981.0"," 7","  8.5","22","  4.0","22","  9.9","999.9","  78.8"," ","  52.5"," "," 0.00","I","999.9","000000"
"08084099999","2000-07-14","42.45","-2.3333333","363.0","LOGRONO AGONCILLO, SP","  66.9","16","  56.2","16","1022.3"," 6","980.1"," 6","  8.9","16","  4.1","16","  8.0","999.9","  78.8","*","  56.1"," "," 0.00","I","999.9","000000"
"08084099999","2000-07-15","42.45","-2.3333333","363.0","LOGRONO AGONCILLO, SP","  69.7","19","  57.1","19","1018.9"," 6","977.2"," 6"," 10.1","19","  7.2","19","  9.9"," 20.0","  82.4","*","  61.9"," "," 0.00","I","999.9","000000"
"08084099999","2000-07-16","42.45","-2.3333333","363.0","LOGRONO AGONCILLO, SP","  69.2","22","  53.0","22","1015.1"," 7","973.6"," 7"," 11.2","22","  4.5","22","  8.0","999.9","  80.6"," ","  62.2","*"," 0.00","I","999.9","000000"
"08084099999","2000-07-17","42.45","-2.3333333","363.0","LOGRONO AGONCILLO, SP","  61.3","12","  53.4","12","1015.2"," 5","973.1"," 5","  9.6","12","  4.3","11"," 12.0","999.9","  77.4","*","  51.8"," "," 0.00","I","999.9","000000"
"08084099999","2000-07-18","42.45","-2.3333333","363.0","LOGRONO AGONCILLO, SP","  68.0"," 8","  63.2"," 8","9999.9"," 0","999.9"," 0","  8.0"," 8","  3.3"," 8","  6.0","999.9","  71.6","*","  66.2"," "," 0.03","E","999.9","010000"
"08084099999","2000-07-19","42.45","-2.3333333","363.0","LOGRONO AGONCILLO, SP","  79.2","19","  61.5","19","1014.4"," 7","973.4"," 7","  8.0","19","  3.0","16","  6.0","999.9","  94.3"," ","  60.4"," "," 0.00","I","999.9","000000"
"08084099999","2000-07-20","42.45","-2.3333333","363.0","LOGRONO AGONCILLO, SP","  77.8","20","  63.4","20","1014.1"," 8","973.4"," 8","  7.5","20","  5.3","20","  7.8","999.9","  95.0","*","  64.4"," "," 0.00","I","999.9","000000"
"08084099999","2000-07-21","42.45","-2.3333333","363.0","LOGRONO AGONCILLO, SP","  79.6","20","  61.8","20","1013.2"," 7","972.4"," 7","  7.0","20"," 15.9","20"," 35.0","999.9","  96.8","*","  67.6"," "," 0.00","I","999.9","000000"
"08084099999","2000-07-22","42.45","-2.3333333","363.0","LOGRONO AGONCILLO, SP","  78.5","24","  61.3","24","1009.7"," 7","969.2"," 7","  7.8","24","  8.8","24"," 15.9"," 26.0","  96.4"," ","  66.2","*"," 0.00","I","999.9","000000"
"08084099999","2000-07-23","42.45","-2.3333333","363.0","LOGRONO AGONCILLO, SP","  72.6","23","  56.9","23","1008.6"," 7","967.6"," 7","  9.3","23","  5.5","23"," 14.0","999.9","  89.6","*","  60.4"," "," 0.00","I","999.9","000000"
"08084099999","2000-07-24","42.45","-2.3333333","363.0","LOGRONO AGONCILLO, SP","  73.7","22","  56.3","22","1010.4"," 7","969.3"," 7","  8.7","22","  5.5","22","  9.9","999.9","  84.2"," ","  62.6"," "," 0.00","I","999.9","000000"
"08084099999","2000-07-25","42.45","-2.3333333","363.0","LOGRONO AGONCILLO, SP","  70.4","20","  58.7","20","1008.1"," 6","966.8"," 6","  8.4","20","  4.2","20","  9.9","999.9","  81.3"," ","  62.6"," "," 1.18","F","999.9","010000"
"08084099999","2000-07-26","42.45","-2.3333333","363.0","LOGRONO AGONCILLO, SP","  70.7","24","  55.6","24","1013.1"," 6","971.5"," 6","  9.3","24","  3.4","24","  8.0","999.9","  84.2","*","  57.2"," "," 0.00","I","999.9","000000"
"08084099999","2000-07-27","42.45","-2.3333333","363.0","LOGRONO AGONCILLO, SP","  71.2","24","  58.6","24","1015.7"," 8","974.2"," 8","  8.5","24","  4.0","24","  8.0","999.9","  88.5"," ","  58.6"," "," 0.00","I","999.9","000000"
"08084099999","2000-07-28","42.45","-2.3333333","363.0","LOGRONO AGONCILLO, SP","  70.3","23","  56.4","23","1020.4"," 8","978.6"," 8","  8.7","23","  3.7","23","  8.0","999.9","  81.3"," ","  60.4"," "," 0.00","I","999.9","000000"
"08084099999","2000-07-29","42.45","-2.3333333","363.0","LOGRONO AGONCILLO, SP","  71.7","24","  56.1","24","1022.1"," 8","980.4"," 8","  8.2","24","  3.3","24","  8.0","999.9","  86.0","*","  58.6"," "," 0.00","I","999.9","000000"
"08084099999","2000-07-30","42.45","-2.3333333","363.0","LOGRONO AGONCILLO, SP","  75.5","23","  55.6","23","1020.4"," 7","979.2"," 7","  9.0","23","  4.4","23","  6.0","999.9","  92.1"," ","  59.0","*"," 0.00","I","999.9","000000"
"08084099999","2000-07-31","42.45","-2.3333333","363.0","LOGRONO AGONCILLO, SP","  79.9","24","  61.9","24","1018.4"," 7","977.6"," 7","  9.1","24","  4.1","24","  9.9","999.9","  96.8"," ","  61.2"," "," 0.00","I","999.9","000000"
"08084099999","2000-08-01","42.45","-2.3333333","363.0","LOGRONO AGONCILLO, SP","  79.6","21","  65.0","21","1018.1"," 7","977.2"," 7","  7.8","21","  5.1","21","  8.0","999.9","  93.2","*","  65.8"," "," 0.00","I","999.9","000000"
"08084099999","2000-08-02","42.45","-2.3333333","363.0","LOGRONO AGONCILLO, SP","  68.9","16","  57.6","16","1021.7"," 5","979.9"," 5","  8.2","16","  4.3","16","  8.0","999.9","  81.3","*","  64.4","*"," 0.00","I","999.9","000000"
"08084099999","2000-08-03","42.45","-2.3333333","363.0","LOGRONO AGONCILLO, SP","  64.8","21","  54.4","21","1023.4"," 6","981.1"," 6"," 10.6","21","  5.6","21","  9.9","999.9","  68.0"," ","  62.2"," "," 0.00","I","999.9","000000"
"08084099999","2000-08-04","42.45","-2.3333333","363.0","LOGRONO AGONCILLO, SP","  62.9","22","  53.2","22","1026.1"," 8","983.5"," 8","  9.8","22","  6.1","22","  9.9","999.9","  69.4"," ","  57.2"," "," 0.00","I","999.9","000000"
"08084099999","2000-08-05","42.45","-2.3333333","363.0","LOGRONO AGONCILLO, SP","  62.8","22","  53.2","22","1025.8"," 8","983.2"," 8","  9.3","22","  5.1","22","  9.9"," 22.0","  71.6","*","  56.8"," "," 0.00","I","999.9","000000"
"08084099999","2000-08-06","42.45","-2.3333333","363.0","LOGRONO AGONCILLO, SP","  64.0","20","  53.4","20","1025.8"," 7","983.2"," 7"," 10.4","20","  4.5","20","  8.0","999.9","  77.0","*","  54.3"," "," 0.00","I","999.9","000000"
"08084099999","2000-08-07","42.45","-2.3333333","363.0","LOGRONO AGONCILLO, SP","  70.5","21","  55.6","21","1022.7"," 8","980.8"," 8","  8.8","21","  3.7","21","  6.0","999.9","  86.0"," ","  55.4"," "," 0.00","I","999.9","000000"
"08084099999","2000-08-08","42.45","-2.3333333","363.0","LOGRONO AGONCILLO, SP","  72.6","19","  58.5","19","1018.0"," 5","977.0"," 5","  7.3","19","  1.7","18","  4.1","999.9","  91.8"," ","  55.8"," "," 0.00","I","999.9","000000"
"08084099999","2000-08-09","42.45","-2.3333333","363.0","LOGRONO AGONCILLO, SP","  75.0","16","  56.3","16","1018.8"," 6","977.5"," 6","  7.7","16","  3.4","16","  8.0","999.9","  96.8","*","  60.1"," "," 0.00","I","999.9","000000"
"08084099999","2000-08-10","42.45","-2.3333333","363.0","LOGRONO AGONCILLO, SP","  80.3","15","  57.8","15","1015.9"," 4","974.6"," 4","  9.0","15","  4.0","15","  9.9","999.9","  96.8","*","  57.2"," "," 0.00","I","999.9","000000"
"08084099999","2000-08-11","42.45","-2.3333333","363.0","LOGRONO AGONCILLO, SP","  72.8","17","  62.0","17","1012.6"," 7","971.5"," 7","  8.4","17","  7.3","17"," 19.0","999.9","  92.1"," ","  64.4","*"," 0.43","E","999.9","010010"
"08084099999","2000-08-12","42.45","-2.3333333","363.0","LOGRONO AGONCILLO, SP","  68.8","18","  59.4","18","1016.4"," 8","974.6"," 8","  9.1","18","  3.1","18","  6.0","999.9","  77.7"," ","  61.9"," "," 0.03","E","999.9","000000"
"08084099999","2000-08-13","42.45","-2.3333333","363.0","LOGRONO AGONCILLO, SP","  63.8","10","  59.6","10","1018.6"," 4","976.5"," 4","  8.0","10","  1.2","10","  4.1","999.9","  75.2","*","  58.6"," "," 0.00","I","999.9","000000"
"08084099999","2000-08-14","42.45","-2.3333333","363.0","LOGRONO AGONCILLO, SP","  77.7","14","  61.4","14","9999.9"," 0","999.9"," 0","  7.4","14","  3.6","14","  9.9","999.9","  94.6"," ","  64.4","*"," 0.00","I","999.9","000000"
"08084099999","2000-08-15","42.45","-2.3333333","363.0","LOGRONO AGONCILLO, SP","  77.6","23","  63.3","23","1021.2"," 8","980.1"," 8","  8.4","23","  4.3","23","  6.0","999.9","  95.0"," ","  65.1"," "," 0.00","I","999.9","000000"
"08084099999","2000-08-16","42.45","-2.3333333","363.0","LOGRONO AGONCILLO, SP","  77.0","22","  63.7","22","1016.4"," 6","975.4"," 6","  6.9","22","  4.3","21","  8.0","999.9","  94.3"," ","  66.2","*"," 0.00","I","999.9","000000"
"08084099999","2000-08-17","42.45","-2.3333333","363.0","LOGRONO AGONCILLO, SP","  74.6","24","  64.4","24","1015.2"," 7","974.0"," 7","  7.1","24","  3.5","24","  8.0","999.9","  86.7"," ","  69.4"," "," 0.08","E","999.9","010010"
"08084099999","2000-08-18","42.45","-2.3333333","363.0","LOGRONO AGONCILLO, SP","  73.9","16","  63.3","16","1012.6"," 5","971.2"," 5","  6.5","16","  5.7","16"," 14.0","999.9","  91.4","*","  64.4"," ","99.99"," ","999.9","010000"
"08084099999","2000-08-19","42.45","-2.3333333","363.0","LOGRONO AGONCILLO, SP","  70.8","10","  60.8","10","1011.9"," 5","970.7"," 5","  6.7","10","  4.6","10"," 15.9","999.9","  85.6","*","  61.5"," "," 0.03","E","999.9","000000"
"08084099999","2000-08-20","42.45","-2.3333333","363.0","LOGRONO AGONCILLO, SP","  76.6","10","  58.6","10","1011.7"," 4","971.0"," 4","  9.0","10","  3.8","10","  9.9","999.9","  87.8","*","  64.0"," "," 0.00","I","999.9","000000"
"08084099999","2000-08-21","42.45","-2.3333333","363.0","LOGRONO AGONCILLO, SP","  69.0","23","  56.9","23","1015.7"," 8","974.1"," 8","  8.8","23","  5.8","22","  9.9","999.9","  80.6","*","  59.0","*"," 0.24","F","999.9","010010"
"08084099999","2000-08-22","42.45","-2.3333333","363.0","LOGRONO AGONCILLO, SP","  65.4","18","  52.2","18","1015.0"," 5","973.1"," 5","  9.6","18","  3.6","18","  9.9","999.9","  84.2","*","  51.4"," "," 0.00","I","999.9","000000"
"08084099999","2000-08-23","42.45","-2.3333333","363.0","LOGRONO AGONCILLO, SP","  73.5","24","  49.6","24","1013.9"," 8","972.5"," 8"," 12.1","24","  4.9","24"," 14.0","999.9","  93.2","*","  50.4"," "," 0.00","I","999.9","000000"
"08084099999","2000-08-24","42.45","-2.3333333","363.0","LOGRONO AGONCILLO, SP","  77.7","22","  56.7","22","1015.4"," 7","974.2"," 7","  8.3","22"," 12.2","22"," 26.0","999.9","  93.6"," ","  53.6"," "," 0.00","I","999.9","000000"
"08084099999","2000-08-25","42.45","-2.3333333","363.0","LOGRONO AGONCILLO, SP","  79.2","24","  58.1","24","1011.2"," 8","970.6"," 8","  7.5","24"," 10.4","24"," 25.1"," 30.9","  90.3"," ","  71.2"," "," 0.00","I","999.9","000000"
"08084099999","2000-08-26","42.45","-2.3333333","363.0","LOGRONO AGONCILLO, SP","  67.9","15","  59.3","15","1014.4"," 6","973.3"," 5","  8.2","15","  4.5","15","  8.0","999.9","  75.2","*","  61.9"," "," 0.04","E","999.9","010010"
"08084099999","2000-08-27","42.45","-2.3333333","363.0","LOGRONO AGONCILLO, SP","  67.3","22","  54.4","22","1021.7"," 8","979.6"," 8"," 10.3","22","  4.4","22","  8.0","999.9","  80.6","*","  55.4"," "," 0.00","I","999.9","000000"
"08084099999","2000-08-28","42.45","-2.3333333","363.0","LOGRONO AGONCILLO, SP","  67.0","19","  52.8","19","1021.4"," 7","979.3"," 7"," 11.1","19","  3.1","19","  6.0","999.9","  82.4","*","  52.2"," "," 0.00","I","999.9","000000"
"08084099999","2000-08-29","42.45","-2.3333333","363.0","LOGRONO AGONCILLO, SP","  74.4","22","  59.9","22","1014.9"," 8","973.7"," 8","  8.5","22","  7.1","22"," 12.0","999.9","  91.4","*","  57.6"," "," 0.00","I","999.9","000010"
"08084099999","2000-08-30","42.45","-2.3333333","363.0","LOGRONO AGONCILLO, SP","  68.8","23","  57.9","23","1013.2"," 8","971.7"," 8","  7.9","23","  3.3","23","  8.0","999.9","  82.0"," ","  60.8","*"," 0.00","I","999.9","000000"
"08084099999","2000-08-31","42.45","-2.3333333","363.0","LOGRONO AGONCILLO, SP","  68.1","22","  53.9","22","1014.3"," 8","972.7"," 8","  8.6","22","  4.0","22","  8.0","999.9","  82.4","*","  56.5"," "," 0.00","I","999.9","000000"
"08084099999","2000-09-01","42.45","-2.3333333","363.0","LOGRONO AGONCILLO, SP","  64.7","16","  54.7","16","1013.5"," 8","971.8"," 8","  8.6","16","  3.2","16","  8.0","999.9","  85.3"," ","  54.0"," "," 0.00","I","999.9","000000"
"08084099999","2000-09-02","42.45","-2.3333333","363.0","LOGRONO AGONCILLO, SP","  68.7","16","  54.3","16","1017.7"," 7","975.8"," 7"," 11.0","16","  4.1","16","  8.0","999.9","  78.1"," ","  58.3"," "," 0.00","I","999.9","000000"
"08084099999","2000-09-03","42.45","-2.3333333","363.0","LOGRONO AGONCILLO, SP","  67.3","22","  55.6","22","1018.7"," 7","976.8"," 7"," 10.4","22","  2.9","22","  6.0","999.9","  77.7"," ","  57.9"," ","99.99"," ","999.9","010000"
"08084099999","2000-09-04","42.45","-2.3333333","363.0","LOGRONO AGONCILLO, SP","  65.2","22","  52.7","22","1021.4"," 8","979.2"," 8","  9.4","22","  4.9","22","  8.0","999.9","  75.9"," ","  57.9"," "," 0.03","E","999.9","000000"
"08084099999","2000-09-05","42.45","-2.3333333","363.0","LOGRONO AGONCILLO, SP","  64.4","17","  52.3","17","1022.5"," 6","980.4"," 6"," 10.4","17","  3.4","17","  6.0","999.9","  83.8"," ","  51.8"," "," 0.00","I","999.9","000000"
"08084099999","2000-09-06","42.45","-2.3333333","363.0","LOGRONO AGONCILLO, SP","  68.9","18","  50.6","18","1020.0"," 6","978.2"," 6","  8.4","18","  3.7","18","  6.0","999.9","  90.3"," ","  53.6"," "," 0.00","I","999.9","000000"
"08084099999","2000-09-07","42.45","-2.3333333","363.0","LOGRONO AGONCILLO, SP","  68.1","23","  54.9","23","1019.9"," 7","978.2"," 7","  9.2","23","  4.2","23","  8.0","999.9","  79.9"," ","  58.6","*"," 0.00","I","999.9","000000"
"08084099999","2000-09-08","42.45","-2.3333333","363.0","LOGRONO AGONCILLO, SP","  72.3","23","  57.1","23","1017.5"," 8","976.1"," 8"," 11.2","23","  5.1","23","  9.9","999.9","  88.5"," ","  58.6"," "," 0.00","I","999.9","000000"
"08084099999","2000-09-09","42.45","-2.3333333","363.0","LOGRONO AGONCILLO, SP","  74.3","23","  61.9","23","1018.8"," 8","977.5"," 8"," 10.9","23","  8.5","23"," 12.0","999.9","  87.1"," ","  64.4","*"," 0.00","I","999.9","000000"
"08084099999","2000-09-10","42.45","-2.3333333","363.0","LOGRONO AGONCILLO, SP","  76.6","18","  63.7","18","1017.8"," 7","976.7"," 7","  9.0","18","  6.2","18"," 12.0","999.9","  87.8","*","  64.0"," "," 0.00","I","999.9","000000"
"08084099999","2000-09-11","42.45","-2.3333333","363.0","LOGRONO AGONCILLO, SP","  69.4","24","  61.4","24","1015.7"," 7","974.2"," 7","  8.7","24","  3.4","24"," 14.0"," 25.1","  83.5"," ","  60.4"," "," 0.02","E","999.9","010010"
"08084099999","2000-09-12","42.45","-2.3333333","363.0","LOGRONO AGONCILLO, SP","  66.8","17","  59.7","17","1015.4"," 6","973.7"," 6","  8.7","17","  3.8","17","  6.0","999.9","  86.0","*","  59.0"," "," 0.00","I","999.9","000000"
"08084099999","2000-09-13","42.45","-2.3333333","363.0","LOGRONO AGONCILLO, SP","  70.0","22","  59.5","22","1014.0"," 8","972.6"," 8","  5.8","20","  2.2","22","  6.0","999.9","  88.2"," ","  57.9"," "," 0.00","I","999.9","000000"
"08084099999","2000-09-14","42.45","-2.3333333","363.0","LOGRONO AGONCILLO, SP","  72.2","24","  58.0","24","1014.6"," 8","973.3"," 8","  5.9","24","  2.8","24","  8.0","999.9","  92.1"," ","  56.8"," "," 0.00","I","999.9","000000"
"08084099999","2000-09-15","42.45","-2.3333333","363.0","LOGRONO AGONCILLO, SP","  74.2","21","  54.2","21","1015.0"," 7","973.6"," 7","  6.9","21","  3.8","21","  8.0","999.9","  93.2","*","  55.4"," "," 0.00","I","999.9","000000"
"08084099999","2000-09-16","42.45","-2.3333333","363.0","LOGRONO AGONCILLO, SP","  69.6","15","  58.2","15","1015.9"," 7","974.5"," 7","  8.2","15","  5.2","15","  8.0","999.9","  88.5"," ","  62.6"," "," 0.00","I","999.9","000000"
"08084099999","2000-09-17","42.45","-2.3333333","363.0","LOGRONO AGONCILLO, SP","  68.7","24","  57.3","24","1013.9"," 7","972.3"," 7","  7.1","24","  3.8","24","  9.9","999.9","  77.4"," ","  60.8","*"," 0.00","I","999.9","000000"
"08084099999","2000-09-18","42.45","-2.3333333","363.0","LOGRONO AGONCILLO, SP","  68.1","24","  53.8","24","1008.7"," 8","967.3"," 8","  9.5","24","  3.2","24","  8.0","999.9","  82.4","*","  55.8","*"," 0.00","I","999.9","000000"
"08084099999","2000-09-19","42.45","-2.3333333","363.0","LOGRONO AGONCILLO, SP","  61.7","20","  48.8","20","1001.8"," 7","960.6"," 6"," 10.0","20","  4.6","20"," 14.0"," 26.0","  68.7"," ","  56.5","*"," 0.12","E","999.9","010000"
"08084099999","2000-09-20","42.45","-2.3333333","363.0","LOGRONO AGONCILLO, SP","  58.6","22","  45.2","22","1010.1"," 8","967.8"," 8"," 11.4","22","  7.1","22"," 12.0"," 23.9","  68.0","*","  51.8","*"," 0.00","I","999.9","000000"
"08084099999","2000-09-21","42.45","-2.3333333","363.0","LOGRONO AGONCILLO, SP","  59.7","23","  45.7","23","1019.9"," 8","977.2"," 8","  8.1","23","  1.7","23","  6.0","999.9","  78.1"," ","  42.4"," "," 0.00","I","999.9","000000"
"08084099999","2000-09-22","42.45","-2.3333333","363.0","LOGRONO AGONCILLO, SP","  63.8","23","  46.6","23","1019.7"," 8","977.4"," 8"," 11.8","23","  4.5","23"," 15.9","999.9","  81.3"," ","  46.4"," "," 0.00","I","999.9","000000"
"08084099999","2000-09-23","42.45","-2.3333333","363.0","LOGRONO AGONCILLO, SP","  68.3","23","  47.2","23","1015.5"," 8","973.7"," 8"," 12.0","23","  7.6","23"," 15.9","999.9","  84.2","*","  48.9"," "," 0.00","I","999.9","000000"
"08084099999","2000-09-24","42.45","-2.3333333","363.0","LOGRONO AGONCILLO, SP","  65.9","21","  55.9","21","1017.2"," 8","975.3"," 8"," 10.4","21","  1.5","21","  8.0","999.9","  80.2"," ","  55.8"," "," 0.00","I","999.9","000000"
"08084099999","2000-09-25","42.45","-2.3333333","363.0","LOGRONO AGONCILLO, SP","  67.3","22","  56.3","22","1020.8"," 8","978.8"," 8","  8.2","22","  3.6","21","  9.9","999.9","  80.6","*","  51.4"," "," 0.00","I","999.9","000000"
"08084099999","2000-09-26","42.45","-2.3333333","363.0","LOGRONO AGONCILLO, SP","  65.2","22","  61.3","22","1019.8"," 8","977.7"," 8","  7.5","22","  3.3","22","  8.0","999.9","  72.7"," ","  58.3"," "," 0.12","E","999.9","010010"
"08084099999","2000-09-27","42.45","-2.3333333","363.0","LOGRONO AGONCILLO, SP","  64.7","23","  58.3","23","1019.1"," 8","977.1"," 8","  6.2","23","  3.1","23","  8.0","999.9","  75.6"," ","  56.5"," "," 0.04","E","999.9","000000"
"08084099999","2000-09-28","42.45","-2.3333333","363.0","LOGRONO AGONCILLO, SP","  59.1","23","  55.7","23","1010.9"," 8","968.7"," 8","  6.6","23","  1.4","23","  6.0","999.9","  63.3"," ","  54.3"," "," 0.02","E","999.9","010000"
"08084099999","2000-09-29","42.45","-2.3333333","363.0","LOGRONO AGONCILLO, SP","  56.9","22","  47.1","22","1006.1"," 7","963.9"," 7","  9.2","22","  3.5","22","  8.0","999.9","  68.0","*","  48.2","*"," 0.02","E","999.9","010000"
"08084099999","2000-09-30","42.45","-2.3333333","363.0","LOGRONO AGONCILLO, SP","  56.9","24","  44.9","24","1010.7"," 8","968.2"," 8","  9.7","24","  4.8","24","  9.9","999.9","  68.0","*","  45.0"," "," 0.02","E","999.9","000000"
"08084099999","2000-10-01","42.45","-2.3333333","363.0","LOGRONO AGONCILLO, SP","  57.4","16","  47.5","16","1012.5"," 7","970.1"," 7","  9.4","16","  4.7","16","  9.9","999.9","  68.4"," ","  52.9"," "," 0.01","F","999.9","010000"
"08084099999","2000-10-02","42.45","-2.3333333","363.0","LOGRONO AGONCILLO, SP","  57.9","10","  47.3","10","1022.5"," 5","979.8"," 5"," 10.2","10","  5.8","10","  9.9","999.9","  66.9"," ","  51.8","*"," 0.27","F","999.9","000000"
"08084099999","2000-10-03","42.45","-2.3333333","363.0","LOGRONO AGONCILLO, SP","  59.8","18","  43.8","18","1023.2"," 7","980.4"," 7"," 10.0","18","  4.2","18","  9.9","999.9","  79.9","*","  46.4","*"," 0.00","I","999.9","000000"
"08084099999","2000-10-04","42.45","-2.3333333","363.0","LOGRONO AGONCILLO, SP","  64.7","20","  45.2","20","1019.6"," 7","977.4"," 7"," 11.0","20","  3.6","20","  6.0","999.9","  79.9"," ","  49.3"," "," 0.00","I","999.9","000000"
"08084099999","2000-10-05","42.45","-2.3333333","363.0","LOGRONO AGONCILLO, SP","  61.8","19","  53.0","19","1022.4"," 7","979.9"," 7","  9.2","19","  5.1","19","  8.0","999.9","  70.5"," ","  54.3"," "," 0.00","I","999.9","000000"
"08084099999","2000-10-06","42.45","-2.3333333","363.0","LOGRONO AGONCILLO, SP","  58.7","16","  45.0","16","1026.2"," 7","983.3"," 7","  9.1","16","  5.8","16","  9.9","999.9","  66.6"," ","  51.8","*"," 0.00","I","999.9","000000"
"08084099999","2000-10-07","42.45","-2.3333333","363.0","LOGRONO AGONCILLO, SP","  56.3","23","  42.6","22","1026.1"," 8","983.0"," 8","  9.4","23","  5.0","23","  9.9","999.9","  70.9"," ","  46.0"," "," 0.00","I","999.9","000000"
"08084099999","2000-10-08","42.45","-2.3333333","363.0","LOGRONO AGONCILLO, SP","  59.2","23","  39.8","23","1023.1"," 8","980.2"," 8"," 10.5","23","  4.8","23","  9.9","999.9","  77.0","*","  44.6"," "," 0.00","I","999.9","000000"
"08084099999","2000-10-09","42.45","-2.3333333","363.0","LOGRONO AGONCILLO, SP","  63.5","21","  50.4","21","1015.5"," 7","973.4"," 7","  8.4","21","  1.4","21"," 12.0","999.9","  73.4"," ","  55.0"," "," 0.00","I","999.9","000000"
"08084099999","2000-10-10","42.45","-2.3333333","363.0","LOGRONO AGONCILLO, SP","  62.3","24","  49.1","24","1008.3"," 7","966.3"," 7","  8.5","24","  6.7","24"," 14.0"," 23.9","  69.8"," ","  54.0"," "," 0.04","F","999.9","010000"
"08084099999","2000-10-11","42.45","-2.3333333","363.0","LOGRONO AGONCILLO, SP","  56.8","24","  51.1","24"," 997.3"," 8","955.6"," 8","  5.8","24","  5.4","24"," 14.0","999.9","  66.2"," ","  50.0","*"," 0.63","F","999.9","010000"
"08084099999","2000-10-12","42.45","-2.3333333","363.0","LOGRONO AGONCILLO, SP","  53.4","21","  43.1","21","1001.7"," 8","959.7"," 7","  8.1","21","  4.8","21","  9.9","999.9","  60.8","*","  46.4","*"," 0.04","E","999.9","110000"
"08084099999","2000-10-13","42.45","-2.3333333","363.0","LOGRONO AGONCILLO, SP","  50.1","17","  44.1","17","1012.7"," 7","969.6"," 7"," 11.2","17","  4.0","17","  8.0","999.9","  60.1"," ","  45.3"," "," 0.04","E","999.9","010000"
"08084099999","2000-10-14","42.45","-2.3333333","363.0","LOGRONO AGONCILLO, SP","  53.7","13","  44.6","13","1017.3"," 5","974.3"," 5"," 10.3","13","  6.5","13"," 12.0","999.9","  57.2","*","  48.9"," "," 0.00","I","999.9","000000"
"08084099999","2000-10-15","42.45","-2.3333333","363.0","LOGRONO AGONCILLO, SP","  52.0"," 6","  49.6"," 6","9999.9"," 0","999.9"," 0","  5.5"," 6","  5.4"," 6","  8.0","999.9","  58.3"," ","  48.2"," "," 0.00","E","999.9","010000"
"08084099999","2000-10-16","42.45","-2.3333333","363.0","LOGRONO AGONCILLO, SP","  54.8","24","  46.4","24","1017.1"," 8","974.3"," 8","  8.7","24","  4.2","24","  9.9","999.9","  62.6","*","  44.6","*"," 0.12","F","999.9","010000"
"08084099999","2000-10-17","42.45","-2.3333333","363.0","LOGRONO AGONCILLO, SP","  53.5","24","  45.2","24","1026.7"," 8","983.3"," 8","  8.0","24","  2.4","24"," 12.0","999.9","  68.7"," ","  42.8"," "," 0.00","I","999.9","000000"
"08084099999","2000-10-18","42.45","-2.3333333","363.0","LOGRONO AGONCILLO, SP","  54.8","24","  47.8","24","1025.9"," 8","982.7"," 8","  6.7","24","  2.0","24","  6.0","999.9","  69.4"," ","  41.0","*"," 0.00","I","999.9","000000"
"08084099999","2000-10-19","42.45","-2.3333333","363.0","LOGRONO AGONCILLO, SP","  61.1","23","  53.0","23","1020.6"," 7","978.2"," 7","  6.8","23","  1.0","23","  4.1","999.9","  73.0"," ","  51.8","*"," 0.00","I","999.9","000000"
"08084099999","2000-10-20","42.45","-2.3333333","363.0","LOGRONO AGONCILLO, SP","  60.1","22","  51.6","22","1014.0"," 7","971.7"," 7","  5.7","22","  8.9","22"," 18.1","999.9","  66.2","*","  57.2","*"," 0.08","E","999.9","010000"
"08084099999","2000-10-21","42.45","-2.3333333","363.0","LOGRONO AGONCILLO, SP","  52.9","23","  52.2","23","1017.9"," 8","974.9"," 8","  4.7","23","  5.2","23","  9.9","999.9","  57.2","*","  50.0","*"," 0.90","F","999.9","010000"
"08084099999","2000-10-22","42.45","-2.3333333","363.0","LOGRONO AGONCILLO, SP","  57.7","24","  54.8","24","1024.5"," 8","981.6"," 8","  7.5","24","  5.1","24"," 12.0","999.9","  64.4"," ","  51.1"," "," 0.03","E","999.9","010000"
"08084099999","2000-10-23","42.45","-2.3333333","363.0","LOGRONO AGONCILLO, SP","  61.5","23","  59.3","23","1022.7"," 8","980.2"," 8","  5.2","23","  5.3","23"," 12.0","999.9","  64.4"," ","  59.0"," "," 0.04","F","999.9","010000"
"08084099999","2000-10-24","42.45","-2.3333333","363.0","LOGRONO AGONCILLO, SP","  62.4","23","  54.5","23","1022.7"," 7","980.4"," 7","  6.4","23","  4.8","23"," 12.0","999.9","  69.8"," ","  55.4","*"," 0.00","A","999.9","000000"
"08084099999","2000-10-25","42.45","-2.3333333","363.0","LOGRONO AGONCILLO, SP","  55.2","13","  53.4","13","1022.2"," 4","979.1"," 4","  5.4","13","  2.7","13","  8.0","999.9","  64.4","*","  52.2","*"," 0.00","I","999.9","000000"
"08084099999","2000-10-26","42.45","-2.3333333","363.0","LOGRONO AGONCILLO, SP","  61.9"," 4","  55.1"," 4","9999.9"," 0","999.9"," 0","  5.0"," 4","  3.5"," 4","  6.0","999.9","  68.0","*","  58.6","*"," 0.00","E","999.9","000000"
"08084099999","2000-10-27","42.45","-2.3333333","363.0","LOGRONO AGONCILLO, SP","  57.9","20","  52.5","20","1023.3"," 8","980.4"," 8","  5.0","20","  1.8","20","  6.0","999.9","  73.0"," ","  47.5"," "," 0.00","I","999.9","000000"
"08084099999","2000-10-28","42.45","-2.3333333","363.0","LOGRONO AGONCILLO, SP","  54.3","21","  51.2","21","1021.2"," 8","978.1"," 8","  2.1","20","  0.4","21","  1.9","999.9","  65.5"," ","  45.3"," "," 0.00","I","999.9","100000"
"08084099999","2000-10-29","42.45","-2.3333333","363.0","LOGRONO AGONCILLO, SP","  56.7","23","  47.3","23","1022.3"," 8","979.5"," 8","  7.2","23","  2.1","23","  6.0","999.9","  64.4","*","  48.2","*"," 0.00","I","999.9","000000"
"08084099999","2000-10-30","42.45","-2.3333333","363.0","LOGRONO AGONCILLO, SP","  52.5","22","  46.2","22","1013.6"," 8","970.7"," 8","  6.6","22","  2.7","22","  6.0","999.9","  59.4"," ","  42.8"," ","99.99"," ","999.9","010000"
"08084099999","2000-10-31","42.45","-2.3333333","363.0","LOGRONO AGONCILLO, SP","  48.0","15","  43.1","15","1013.0"," 6","969.8"," 6","  9.3","15","  3.0","15","  8.0","999.9","  58.6"," ","  43.2"," "," 0.51","E","999.9","010000"
"08084099999","2000-11-01","42.45","-2.3333333","363.0","LOGRONO AGONCILLO, SP","  50.9","21","  42.3","21","1016.4"," 8","973.2"," 8"," 10.3","21","  2.4","21","  6.0","999.9","  62.6","*","  39.2"," ","99.99"," ","999.9","010000"
"08084099999","2000-11-02","42.45","-2.3333333","363.0","LOGRONO AGONCILLO, SP","  49.9","21","  49.0","21","1007.7"," 8","964.9"," 8","  5.8","21","  4.4","21","  8.0","999.9","  53.6"," ","  46.4","*"," 0.34","F","999.9","010000"
"08084099999","2000-11-03","42.45","-2.3333333","363.0","LOGRONO AGONCILLO, SP","  49.1","24","  39.9","24","1011.5"," 6","968.4"," 6","  9.9","24","  4.9","24"," 14.0","999.9","  56.1"," ","  42.8","*"," 0.01","F","999.9","010000"
"08084099999","2000-11-04","42.45","-2.3333333","363.0","LOGRONO AGONCILLO, SP","  47.4","24","  37.2","24","1018.9"," 7","975.3"," 7","  9.6","24","  3.9","24"," 12.0"," 22.9","  55.8"," ","  39.2","*"," 0.00","I","999.9","000000"
"08084099999","2000-11-05","42.45","-2.3333333","363.0","LOGRONO AGONCILLO, SP","  46.0","23","  45.2","23","1011.3"," 8","968.0"," 8","  5.9","23","  6.2","23"," 12.0","999.9","  50.0","*","  41.0"," "," 0.75","F","999.9","010000"
"08084099999","2000-11-06","42.45","-2.3333333","363.0","LOGRONO AGONCILLO, SP","  53.9","24","  35.4","24"," 995.0"," 8","952.9"," 8","  8.9","24"," 14.5","24"," 30.9"," 42.0","  59.0","*","  48.2","*"," 0.02","E","999.9","000000"
"08084099999","2000-11-07","42.45","-2.3333333","363.0","LOGRONO AGONCILLO, SP","  48.1","24","  31.0","24","1002.7"," 8","959.9"," 8"," 10.1","24","  9.7","24"," 18.1"," 28.0","  55.4","*","  42.8","*"," 0.00","I","999.9","000000"
"08084099999","2000-11-08","42.45","-2.3333333","363.0","LOGRONO AGONCILLO, SP","  46.5","22","  32.9","22","1008.2"," 6","965.1"," 6"," 10.2","22","  3.4","22","  9.9","999.9","  53.6"," ","  35.6","*"," 0.00","I","999.9","000000"
"08084099999","2000-11-09","42.45","-2.3333333","363.0","LOGRONO AGONCILLO, SP","  45.0","24","  35.6","24","1016.9"," 7","973.2"," 7","  9.6","24","  2.7","24","  6.0","999.9","  53.2"," ","  37.4","*"," 0.00","I","999.9","000000"
"08084099999","2000-11-10","42.45","-2.3333333","363.0","LOGRONO AGONCILLO, SP","  42.6","24","  37.2","24","1025.0"," 6","980.6"," 6","  6.8","24","  3.0","24","  8.0","999.9","  55.4","*","  32.0","*"," 0.00","I","999.9","000000"
"08084099999","2000-11-11","42.45","-2.3333333","363.0","LOGRONO AGONCILLO, SP","  43.5","24","  39.6","24","1023.5"," 7","979.4"," 7","  6.0","24","  8.7","24"," 18.1","999.9","  51.8","*","  35.6","*"," 0.00","I","999.9","000000"
"08084099999","2000-11-12","42.45","-2.3333333","363.0","LOGRONO AGONCILLO, SP","  48.0","24","  45.3","24","1012.2"," 8","969.0"," 8","  6.0","24","  2.3","24","  8.0","999.9","  55.4","*","  38.1"," "," 0.00","I","999.9","100000"
"08084099999","2000-11-13","42.45","-2.3333333","363.0","LOGRONO AGONCILLO, SP","  50.4","19","  42.7","19","1006.1"," 7","963.4"," 7","  9.7","19","  3.6","19"," 12.0"," 22.9","  56.1"," ","  39.2","*"," 0.00","I","999.9","000000"
"08084099999","2000-11-14","42.45","-2.3333333","363.0","LOGRONO AGONCILLO, SP","  42.2","23","  35.8","23","1012.1"," 8","968.3"," 8","  8.2","23","  1.6","23","  6.0","999.9","  52.5"," ","  32.0","*"," 0.00","I","999.9","100000"
"08084099999","2000-11-15","42.45","-2.3333333","363.0","LOGRONO AGONCILLO, SP","  43.1","17","  34.7","17","1018.6"," 7","974.7"," 7","  8.9","17","  2.8","17","  5.1","999.9","  53.6","*","  35.2"," "," 0.00","I","999.9","000000"
"08084099999","2000-11-16","42.45","-2.3333333","363.0","LOGRONO AGONCILLO, SP","  44.4","21","  37.6","21","1018.4"," 7","974.5"," 7","  7.1","21","  6.5","21"," 14.0","999.9","  50.4","*","  32.0"," "," 0.00","A","999.9","010000"
"08084099999","2000-11-17","42.45","-2.3333333","363.0","LOGRONO AGONCILLO, SP","  46.5","24","  39.2","24","1022.7"," 8","978.9"," 8","  7.6","24","  6.4","24"," 12.0","999.9","  50.0","*","  43.5"," "," 0.03","E","999.9","010000"
"08084099999","2000-11-18","42.45","-2.3333333","363.0","LOGRONO AGONCILLO, SP","  50.7","24","  39.2","24","1022.1"," 8","978.7"," 8","  8.3","24","  7.1","24","  9.9","999.9","  57.2"," ","  46.0"," "," 0.03","E","999.9","000000"
"08084099999","2000-11-19","42.45","-2.3333333","363.0","LOGRONO AGONCILLO, SP","  51.2","23","  45.5","23","1015.8"," 7","972.8"," 7","  8.0","23","  6.8","23"," 15.9"," 16.9","  54.0"," ","  48.2","*"," 0.12","E","999.9","010000"
"08084099999","2000-11-20","42.45","-2.3333333","363.0","LOGRONO AGONCILLO, SP","  47.3","22","  42.6","22","1011.6"," 8","968.4"," 8","  6.2","22","  2.9","22","  8.0","999.9","  53.6"," ","  42.8","*"," 0.24","F","999.9","010000"
"08084099999","2000-11-21","42.45","-2.3333333","363.0","LOGRONO AGONCILLO, SP","  47.2","23","  41.7","23","1014.4"," 8","971.0"," 8","  7.9","23","  3.0","23","  8.0","999.9","  54.0"," ","  40.6"," ","99.99"," ","999.9","010000"
"08084099999","2000-11-22","42.45","-2.3333333","363.0","LOGRONO AGONCILLO, SP","  50.8","21","  47.6","21","1011.1"," 8","968.2"," 8","  6.9","21","  3.0","21","  8.0","999.9","  58.6"," ","  44.2"," "," 0.04","F","999.9","010000"
"08084099999","2000-11-23","42.45","-2.3333333","363.0","LOGRONO AGONCILLO, SP","  47.1","21","  42.7","21","1009.0"," 7","965.7"," 7","  7.7","21","  3.9","21","  8.0"," 16.9","  55.4","*","  39.2","*"," 0.50","F","999.9","010000"
"08084099999","2000-11-24","42.45","-2.3333333","363.0","LOGRONO AGONCILLO, SP","  43.1","22","  37.9","22","1017.1"," 7","973.2"," 7","  6.5","22","  3.9","22","  9.9","999.9","  47.1"," ","  41.0","*"," 0.28","E","999.9","010000"
"08084099999","2000-11-25","42.45","-2.3333333","363.0","LOGRONO AGONCILLO, SP","  43.4","21","  42.6","21","1016.1"," 8","972.3"," 8","  3.9","21","  2.9","21","  8.0","999.9","  51.8","*","  38.1"," "," 0.08","E","999.9","110000"
"08084099999","2000-11-26","42.45","-2.3333333","363.0","LOGRONO AGONCILLO, SP","  53.4","23","  46.3","23","1017.5"," 8","974.5"," 8","  6.0","23","  4.3","23","  9.9"," 20.0","  64.4","*","  41.0"," "," 0.12","E","999.9","110000"
"08084099999","2000-11-27","42.45","-2.3333333","363.0","LOGRONO AGONCILLO, SP","  54.2","23","  49.2","23","1020.5"," 8","977.5"," 8","  6.8","23","  3.9","23","  9.9","999.9","  68.0","*","  46.4","*"," 0.24","E","999.9","100000"
"08084099999","2000-11-28","42.45","-2.3333333","363.0","LOGRONO AGONCILLO, SP","  49.8","19","  46.3","19","1019.2"," 7","975.8"," 7","  6.9","19","  6.8","19"," 15.9","999.9","  57.6"," ","  40.6"," "," 0.00","I","999.9","000000"
"08084099999","2000-11-29","42.45","-2.3333333","363.0","LOGRONO AGONCILLO, SP","  51.0","24","  48.0","24","1013.4"," 8","970.4"," 8","  5.5","24"," 10.8","24"," 22.9"," 28.9","  54.3"," ","  43.9","*"," 0.04","E","999.9","010000"
"08084099999","2000-11-30","42.45","-2.3333333","363.0","LOGRONO AGONCILLO, SP","  46.2","21","  43.6","21","1017.0"," 7","973.3"," 7","  7.0","21","  1.8","21","  6.0","999.9","  55.4","*","  37.4"," "," 0.03","E","999.9","010000"
"08084099999","2000-12-01","42.45","-2.3333333","363.0","LOGRONO AGONCILLO, SP","  50.3","24","  46.8","24","1015.0"," 8","971.9"," 8","  6.2","24"," 10.4","24"," 18.1","999.9","  54.7"," ","  46.4","*"," 0.02","E","999.9","010000"
"08084099999","2000-12-02","42.45","-2.3333333","363.0","LOGRONO AGONCILLO, SP","  48.5","24","  42.5","24","1017.8"," 8","974.4"," 8","  6.6","24","  3.7","24","  9.9"," 22.0","  55.4"," ","  42.8","*"," 0.04","F","999.9","110000"
"08084099999","2000-12-03","42.45","-2.3333333","363.0","LOGRONO AGONCILLO, SP","  43.7","24","  39.3","24","1024.0"," 8","979.9"," 8"," 10.2","24","  0.8","24","  4.1","999.9","  50.0","*","  34.2"," "," 0.00","I","999.9","000000"
"08084099999","2000-12-04","42.45","-2.3333333","363.0","LOGRONO AGONCILLO, SP","  46.0","23","  43.4","23","1020.2"," 8","976.5"," 8","  7.8","23","  2.9","23","  8.0","999.9","  50.7"," ","  41.0","*"," 0.03","E","999.9","010000"
"08084099999","2000-12-05","42.45","-2.3333333","363.0","LOGRONO AGONCILLO, SP","  48.5","22","  43.9","22","1015.1"," 8","971.7"," 8","  6.7","22","  8.9","22"," 15.9","999.9","  51.8","*","  44.2"," ","99.99"," ","999.9","010000"
"08084099999","2000-12-06","42.45","-2.3333333","363.0","LOGRONO AGONCILLO, SP","  51.2","19","  48.5","19","1014.1"," 8","971.0"," 8","  4.3","19","  7.2","19"," 14.0","999.9","  55.4"," ","  47.8"," "," 0.12","F","999.9","010000"
"08084099999","2000-12-07","42.45","-2.3333333","363.0","LOGRONO AGONCILLO, SP","  60.0","23","  46.0","23","1002.0"," 7","960.1"," 7","  7.9","23"," 15.6","23"," 28.0"," 43.9","  69.8","*","  51.4"," "," 0.00","I","999.9","000000"
"08084099999","2000-12-08","42.45","-2.3333333","363.0","LOGRONO AGONCILLO, SP","  49.1","24","  41.8","24","1012.1"," 8","969.0"," 8"," 10.7","24","  2.1","24","  9.9"," 23.9","  57.6"," ","  39.2","*"," 0.00","I","999.9","000000"
"08084099999","2000-12-09","42.45","-2.3333333","363.0","LOGRONO AGONCILLO, SP","  45.9","23","  41.4","23","1020.9"," 7","977.1"," 7"," 10.1","23","  1.0","22","  4.1","999.9","  57.6"," ","  38.1"," "," 0.00","I","999.9","000000"
"08084099999","2000-12-10","42.45","-2.3333333","363.0","LOGRONO AGONCILLO, SP","  49.0","16","  44.3","16","1027.8"," 7","984.0"," 7","  9.4","16","  3.8","16"," 12.0","999.9","  55.4"," ","  41.4"," "," 0.00","E","999.9","010000"
"08084099999","2000-12-11","42.45","-2.3333333","363.0","LOGRONO AGONCILLO, SP","  46.3","23","  44.5","23","1031.8"," 7","987.6"," 7","  6.1","23","  1.3","23","  4.1","999.9","  53.6","*","  41.0","*"," 0.00","A","999.9","100000"
"08084099999","2000-12-12","42.45","-2.3333333","363.0","LOGRONO AGONCILLO, SP","  41.9","24","  41.0","24","1031.0"," 7","986.4"," 7","  1.1","24","  1.7","23","  7.0","999.9","  47.1"," ","  36.3","*"," 0.00","I","999.9","100000"
"08084099999","2000-12-13","42.45","-2.3333333","363.0","LOGRONO AGONCILLO, SP","  47.1","24","  44.4","24","1029.6"," 8","985.5"," 8","  4.9","24","  2.3","24","  6.0","999.9","  56.8"," ","  39.9"," "," 0.00","I","999.9","000000"
"08084099999","2000-12-14","42.45","-2.3333333","363.0","LOGRONO AGONCILLO, SP","  44.7","23","  43.0","23","1020.2"," 8","976.4"," 8","  4.6","23","  1.6","23","  4.1","999.9","  48.9"," ","  40.3"," "," 0.00","E","999.9","010000"
"08084099999","2000-12-15","42.45","-2.3333333","363.0","LOGRONO AGONCILLO, SP","  46.6","21","  36.9","21","1021.3"," 8","977.5"," 8","  9.3","21","  5.2","21","  9.9","999.9","  51.8","*","  41.0"," "," 0.12","E","999.9","010000"
"08084099999","2000-12-16","42.45","-2.3333333","363.0","LOGRONO AGONCILLO, SP","  43.7","24","  32.6","24","1023.7"," 8","979.6"," 8"," 10.1","24","  5.2","24","  9.9","999.9","  51.8","*","  37.0"," "," 0.00","I","999.9","000000"
"08084099999","2000-12-17","42.45","-2.3333333","363.0","LOGRONO AGONCILLO, SP","  40.7","23","  34.8","23","1022.2"," 6","977.8"," 6","  6.0","23","  1.8","23","  6.0","999.9","  51.1","*","  28.4","*"," 0.00","I","999.9","100000"
"08084099999","2000-12-18","42.45","-2.3333333","363.0","LOGRONO AGONCILLO, SP","  41.6","23","  37.8","23","1022.0"," 8","977.8"," 8","  6.0","23","  2.0","23","  6.0","999.9","  46.8"," ","  34.2"," "," 0.00","I","999.9","000000"
"08084099999","2000-12-19","42.45","-2.3333333","363.0","LOGRONO AGONCILLO, SP","  43.5","19","  40.0","19","1019.5"," 7","975.4"," 7","  7.1","19","  3.7","19"," 11.1","999.9","  53.6","*","  33.4"," "," 0.00","I","999.9","000000"
"08084099999","2000-12-20","42.45","-2.3333333","363.0","LOGRONO AGONCILLO, SP","  41.4","21","  40.4","21","1014.4"," 7","970.5"," 7","  2.5","21","  7.6","21"," 15.9","999.9","  45.7"," ","  36.3"," "," 0.06","F","999.9","110000"
"08084099999","2000-12-21","42.45","-2.3333333","363.0","LOGRONO AGONCILLO, SP","  45.0","21","  41.5","21","1011.5"," 8","968.1"," 8","  3.9","21"," 12.1","21"," 18.1","999.9","  51.8"," ","  38.5"," "," 0.00","I","999.9","100000"
"08084099999","2000-12-22","42.45","-2.3333333","363.0","LOGRONO AGONCILLO, SP","  50.2","19","  45.9","19","1004.9"," 7","962.2"," 7","  6.7","19"," 19.5","19"," 30.9"," 42.0","  52.2"," ","  47.8"," "," 0.03","E","999.9","010000"
"08084099999","2000-12-23","42.45","-2.3333333","363.0","LOGRONO AGONCILLO, SP","  48.3","18","  45.6","18","1004.4"," 8","961.6"," 8","  6.9","18","  7.5","18"," 14.0","999.9","  52.5"," ","  46.4","*"," 0.12","F","999.9","010000"
"08084099999","2000-12-24","42.45","-2.3333333","363.0","LOGRONO AGONCILLO, SP","  48.2","22","  45.9","22"," 998.5"," 8","955.7"," 8","  7.5","22"," 10.0","22"," 18.1","999.9","  51.8"," ","  45.0","*"," 0.02","E","999.9","010000"
"08084099999","2000-12-25","42.45","-2.3333333","363.0","LOGRONO AGONCILLO, SP","  45.3","22","  42.2","22"," 997.7"," 8","954.9"," 8","  5.3","22","  2.7","22","  8.0","999.9","  52.2"," ","  40.6","*"," 0.00","E","999.9","110000"
"08084099999","2000-12-26","42.45","-2.3333333","363.0","LOGRONO AGONCILLO, SP","  47.6","23","  38.6","23"," 992.4"," 6","950.2"," 7"," 10.2","23","  2.8","23","  8.0","999.9","  57.2"," ","  39.2","*"," 0.02","A","999.9","010000"
"08084099999","2000-12-27","42.45","-2.3333333","363.0","LOGRONO AGONCILLO, SP","  46.1","21","  37.4","21"," 994.6"," 7","951.8"," 7","  8.7","21","  6.7","21"," 18.1"," 34.0","  52.5"," ","  37.8"," "," 0.02","E","999.9","010000"
"08084099999","2000-12-28","42.45","-2.3333333","363.0","LOGRONO AGONCILLO, SP","  43.7","17","  35.9","17","1004.6"," 7","961.2"," 7","  7.4","17","  9.0","17"," 20.0"," 23.9","  51.8","*","  36.0","*"," 0.14","F","999.9","000000"
"08084099999","2000-12-29","42.45","-2.3333333","363.0","LOGRONO AGONCILLO, SP","  47.2","22","  39.1","22","1007.8"," 8","965.0"," 6","  7.9","22","  8.7","22"," 15.9"," 23.9","  52.9"," ","  42.8","*"," 0.12","E","999.9","010000"
"08084099999","2000-12-30","42.45","-2.3333333","363.0","LOGRONO AGONCILLO, SP","  42.0","24","  35.0","24","1009.4"," 8","965.6"," 8","  9.0","24","  6.8","24"," 22.9"," 42.0","  48.2"," ","  34.9","*"," 0.18","F","999.9","010000"
"08084099999","2000-12-31","42.45","-2.3333333","363.0","LOGRONO AGONCILLO, SP","  36.2","22","  31.5","22","1019.6"," 8","975.1"," 8"," 10.3","22","  2.3","22","  8.0","999.9","  42.4"," ","  29.5"," "," 0.00","E","999.9","000000"
